"1.00 CAD (CAD = Canadian Dollar)",
"USD = U.S. dollar (noon)",
"Date","USD","Conversion rate","Reciprocal rate",
2015-11-24,0.75,0.7514,1.3308,
2015-11-23,0.75,0.7487,1.3357,
2015-11-20,0.75,0.7497,1.3338,
2015-11-19,0.75,0.7537,1.3267,
2015-11-18,0.75,0.7489,1.3353,
2015-11-17,0.75,0.7505,1.3324,
2015-11-16,0.75,0.7489,1.3353,
2015-11-13,0.75,0.7501,1.3332,
2015-11-12,0.75,0.7515,1.3307,
2015-11-11,Bank holiday,Bank holiday,Bank holiday,
2015-11-10,0.75,0.7542,1.3259,
2015-11-09,0.75,0.7533,1.3275,
2015-11-06,0.75,0.7514,1.3308,
2015-11-05,0.76,0.7595,1.3167,
2015-11-04,0.76,0.7596,1.3164,
2015-11-03,0.76,0.7630,1.3106,
2015-11-02,0.76,0.7637,1.3095,
2015-10-30,0.76,0.7644,1.3083,
2015-10-29,0.76,0.7593,1.3170,
2015-10-28,0.76,0.7606,1.3148,
2015-10-27,0.76,0.7552,1.3241,
2015-10-26,0.76,0.7614,1.3134,
2015-10-23,0.76,0.7592,1.3172,
2015-10-22,0.76,0.7641,1.3088,
2015-10-21,0.76,0.7624,1.3116,
2015-10-20,0.77,0.7708,1.2974,
2015-10-19,0.77,0.7693,1.2998,
2015-10-16,0.77,0.7732,1.2933,
2015-10-15,0.77,0.7750,1.2904,
2015-10-14,0.77,0.7703,1.2982,
2015-10-13,0.77,0.7701,1.2986,
2015-10-12,Bank holiday,Bank holiday,Bank holiday,
2015-10-09,0.77,0.7724,1.2946,
2015-10-08,0.77,0.7682,1.3018,
2015-10-07,0.77,0.7671,1.3036,
2015-10-06,0.77,0.7659,1.3056,
2015-10-05,0.76,0.7642,1.3085,
2015-10-02,0.76,0.7568,1.3214,
2015-10-01,0.76,0.7552,1.3242,
2015-09-30,0.75,0.7466,1.3394,
2015-09-29,0.75,0.7455,1.3413,
2015-09-28,0.75,0.7484,1.3361,
2015-09-25,0.75,0.7505,1.3325,
2015-09-24,0.75,0.7490,1.3351,
2015-09-23,0.75,0.7510,1.3315,
2015-09-22,0.75,0.7531,1.3278,
2015-09-21,0.75,0.7547,1.3250,
2015-09-18,0.76,0.7606,1.3147,
2015-09-17,0.76,0.7584,1.3186,
2015-09-16,0.76,0.7588,1.3178,
2015-09-15,0.75,0.7540,1.3263,
2015-09-14,0.75,0.7536,1.3270,
2015-09-11,0.75,0.7532,1.3276,
2015-09-10,0.76,0.7565,1.3219,
2015-09-09,0.76,0.7563,1.3223,
2015-09-08,0.76,0.7579,1.3195,
2015-09-07,Bank holiday,Bank holiday,Bank holiday,
2015-09-04,0.75,0.7534,1.3273,
2015-09-03,0.76,0.7576,1.3199,
2015-09-02,0.75,0.7513,1.3311,
2015-09-01,0.76,0.7588,1.3179,
2015-08-31,0.76,0.7563,1.3223,
2015-08-28,0.75,0.7536,1.3269,
2015-08-27,0.76,0.7577,1.3197,
2015-08-26,0.75,0.7517,1.3303,
2015-08-25,0.75,0.7521,1.3296,
2015-08-24,0.76,0.7568,1.3213,
2015-08-21,0.76,0.7605,1.3149,
2015-08-20,0.76,0.7645,1.3080,
2015-08-19,0.76,0.7596,1.3165,
2015-08-18,0.76,0.7649,1.3073,
2015-08-17,0.76,0.7639,1.3091,
2015-08-14,0.76,0.7646,1.3078,
2015-08-13,0.76,0.7646,1.3078,
2015-08-12,0.77,0.7708,1.2973,
2015-08-11,0.76,0.7606,1.3148,
2015-08-10,0.77,0.7659,1.3056,
2015-08-07,0.76,0.7621,1.3122,
2015-08-06,0.76,0.7603,1.3152,
2015-08-05,0.76,0.7586,1.3183,
2015-08-04,0.76,0.7619,1.3125,
2015-08-03,Bank holiday,Bank holiday,Bank holiday,
2015-07-31,0.77,0.7665,1.3047,
2015-07-30,0.77,0.7677,1.3026,
2015-07-29,0.78,0.7756,1.2893,
2015-07-28,0.77,0.7732,1.2934,
2015-07-27,0.77,0.7687,1.3009,
2015-07-24,0.77,0.7657,1.3060,
2015-07-23,0.77,0.7675,1.3030,
2015-07-22,0.77,0.7677,1.3026,
2015-07-21,0.77,0.7715,1.2961,
2015-07-20,0.77,0.7703,1.2982,
2015-07-17,0.77,0.7693,1.2998,
2015-07-16,0.77,0.7729,1.2939,
2015-07-15,0.77,0.7730,1.2937,
2015-07-14,0.78,0.7844,1.2748,
2015-07-13,0.78,0.7836,1.2762,
2015-07-10,0.79,0.7865,1.2715,
2015-07-09,0.79,0.7856,1.2729,
2015-07-08,0.79,0.7860,1.2722,
2015-07-07,0.78,0.7849,1.2740,
2015-07-06,0.79,0.7920,1.2626,
2015-07-03,0.80,0.7955,1.2571,
2015-07-02,0.80,0.7958,1.2566,
2015-07-01,Bank holiday,Bank holiday,Bank holiday,
2015-06-30,0.80,0.8017,1.2474,
2015-06-29,0.81,0.8076,1.2382,
2015-06-26,0.81,0.8091,1.2359,
2015-06-25,0.81,0.8099,1.2347,
2015-06-24,0.81,0.8055,1.2415,
2015-06-23,0.81,0.8112,1.2327,
2015-06-22,0.81,0.8138,1.2288,
2015-06-19,0.81,0.8144,1.2279,
2015-06-18,0.82,0.8191,1.2209,
2015-06-17,0.81,0.8125,1.2308,
2015-06-16,0.81,0.8110,1.2330,
2015-06-15,0.81,0.8115,1.2323,
2015-06-12,0.81,0.8127,1.2304,
2015-06-11,0.81,0.8121,1.2314,
2015-06-10,0.82,0.8152,1.2267,
2015-06-09,0.81,0.8119,1.2317,
2015-06-08,0.80,0.8042,1.2435,
2015-06-05,0.80,0.8007,1.2489,
2015-06-04,0.80,0.8015,1.2477,
2015-06-03,0.80,0.8041,1.2436,
2015-06-02,0.80,0.8050,1.2423,
2015-06-01,0.80,0.7968,1.2550,
2015-05-29,0.80,0.8022,1.2465,
2015-05-28,0.80,0.8015,1.2477,
2015-05-27,0.80,0.8010,1.2485,
2015-05-26,0.80,0.8045,1.2430,
2015-05-25,0.81,0.8127,1.2304,
2015-05-22,0.81,0.8138,1.2288,
2015-05-21,0.82,0.8196,1.2201,
2015-05-20,0.82,0.8189,1.2212,
2015-05-19,0.82,0.8189,1.2211,
2015-05-18,Bank holiday,Bank holiday,Bank holiday,
2015-05-15,0.83,0.8326,1.2010,
2015-05-14,0.83,0.8339,1.1992,
2015-05-13,0.84,0.8368,1.1951,
2015-05-12,0.83,0.8342,1.1987,
2015-05-11,0.83,0.8261,1.2105,
2015-05-08,0.83,0.8273,1.2088,
2015-05-07,0.82,0.8238,1.2139,
2015-05-06,0.83,0.8327,1.2009,
2015-05-05,0.83,0.8306,1.2040,
2015-05-04,0.83,0.8257,1.2111,
2015-05-01,0.82,0.8202,1.2192,
2015-04-30,0.83,0.8252,1.2119,
2015-04-29,0.84,0.8365,1.1954,
2015-04-28,0.83,0.8319,1.2021,
2015-04-27,0.83,0.8261,1.2105,
2015-04-24,0.82,0.8220,1.2166,
2015-04-23,0.82,0.8232,1.2147,
2015-04-22,0.82,0.8163,1.2250,
2015-04-21,0.81,0.8147,1.2274,
2015-04-20,0.82,0.8194,1.2204,
2015-04-17,0.82,0.8177,1.2229,
2015-04-16,0.82,0.8193,1.2206,
2015-04-15,0.81,0.8078,1.2379,
2015-04-14,0.80,0.8014,1.2478,
2015-04-13,0.79,0.7935,1.2602,
2015-04-10,0.79,0.7940,1.2595,
2015-04-09,0.79,0.7949,1.2580,
2015-04-08,0.80,0.7995,1.2508,
2015-04-07,0.80,0.8008,1.2488,
2015-04-06,0.80,0.8031,1.2452,
2015-04-03,Bank holiday,Bank holiday,Bank holiday,
2015-04-02,0.79,0.7946,1.2585,
2015-04-01,0.79,0.7929,1.2612,
2015-03-31,0.79,0.7885,1.2683,
2015-03-30,0.79,0.7881,1.2689,
2015-03-27,0.79,0.7949,1.2580,
2015-03-26,0.80,0.8019,1.2471,
2015-03-25,0.80,0.7992,1.2513,
2015-03-24,0.80,0.7993,1.2511,
2015-03-23,0.80,0.7990,1.2516,
2015-03-20,0.79,0.7940,1.2595,
2015-03-19,0.78,0.7847,1.2744,
2015-03-18,0.78,0.7830,1.2771,
2015-03-17,0.78,0.7831,1.2769,
2015-03-16,0.78,0.7834,1.2765,
2015-03-13,0.78,0.7811,1.2803,
2015-03-12,0.79,0.7880,1.2691,
2015-03-11,0.78,0.7835,1.2764,
2015-03-10,0.79,0.7916,1.2633,
2015-03-09,0.79,0.7938,1.2598,
2015-03-06,0.79,0.7926,1.2616,
2015-03-05,0.80,0.8012,1.2482,
2015-03-04,0.80,0.8039,1.2440,
2015-03-03,0.80,0.8031,1.2452,
2015-03-02,0.80,0.7978,1.2535,
2015-02-27,0.80,0.7995,1.2508,
2015-02-26,0.80,0.8006,1.2490,
2015-02-25,0.81,0.8052,1.2419,
2015-02-24,0.79,0.7935,1.2603,
2015-02-23,0.79,0.7949,1.2580,
2015-02-20,0.80,0.7996,1.2506,
2015-02-19,0.80,0.8009,1.2486,
2015-02-18,0.80,0.8029,1.2455,
2015-02-17,0.81,0.8063,1.2403,
2015-02-16,Bank holiday,Bank holiday,Bank holiday,
2015-02-13,0.80,0.8033,1.2449,
2015-02-12,0.80,0.8024,1.2462,
2015-02-11,0.79,0.7915,1.2635,
2015-02-10,0.80,0.7982,1.2528,
2015-02-09,0.80,0.8033,1.2448,
2015-02-06,0.80,0.7985,1.2523,
2015-02-05,0.81,0.8050,1.2422,
2015-02-04,0.80,0.7968,1.2550,
2015-02-03,0.80,0.8028,1.2456,
2015-02-02,0.80,0.7950,1.2578,
2015-01-30,0.79,0.7863,1.2717,
2015-01-29,0.79,0.7909,1.2644,
2015-01-28,0.80,0.8031,1.2451,
2015-01-27,0.81,0.8062,1.2404,
2015-01-26,0.81,0.8057,1.2411,
2015-01-23,0.81,0.8063,1.2403,
2015-01-22,0.81,0.8083,1.2371,
2015-01-21,0.81,0.8081,1.2374,
2015-01-20,0.83,0.8275,1.2085,
2015-01-19,0.84,0.8357,1.1966,
2015-01-16,0.83,0.8343,1.1986,
2015-01-15,0.84,0.8381,1.1932,
2015-01-14,0.84,0.8363,1.1958,
2015-01-13,0.84,0.8370,1.1948,
2015-01-12,0.84,0.8382,1.1930,
2015-01-09,0.84,0.8434,1.1857,
2015-01-08,0.85,0.8466,1.1812,
2015-01-07,0.84,0.8438,1.1851,
2015-01-06,0.85,0.8472,1.1804,
2015-01-05,0.85,0.8484,1.1787,
2015-01-02,0.85,0.8527,1.1728,
2015-01-01,Bank holiday,Bank holiday,Bank holiday,
2014-12-31,0.86,0.8620,1.1601,
2014-12-30,0.86,0.8621,1.1599,
2014-12-29,0.86,0.8597,1.1632,
2014-12-26,Bank holiday,Bank holiday,Bank holiday,
2014-12-25,Bank holiday,Bank holiday,Bank holiday,
2014-12-24,0.86,0.8604,1.1623,
2014-12-23,0.86,0.8601,1.1627,
2014-12-22,0.86,0.8589,1.1643,
2014-12-19,0.86,0.8599,1.1629,
2014-12-18,0.86,0.8625,1.1594,
2014-12-17,0.86,0.8599,1.1629,
2014-12-16,0.86,0.8602,1.1625,
2014-12-15,0.86,0.8598,1.1630,
2014-12-12,0.87,0.8666,1.1540,
2014-12-11,0.87,0.8669,1.1535,
2014-12-10,0.87,0.8709,1.1482,
2014-12-09,0.88,0.8755,1.1422,
2014-12-08,0.87,0.8717,1.1472,
2014-12-05,0.88,0.8754,1.1423,
2014-12-04,0.88,0.8793,1.1373,
2014-12-03,0.88,0.8803,1.1360,
2014-12-02,0.88,0.8772,1.1400,
2014-12-01,0.88,0.8815,1.1344,
2014-11-28,0.88,0.8751,1.1427,
2014-11-27,0.88,0.8824,1.1333,
2014-11-26,0.89,0.8900,1.1236,
2014-11-25,0.89,0.8880,1.1261,
2014-11-24,0.89,0.8864,1.1282,
2014-11-21,0.89,0.8898,1.1238,
2014-11-20,0.88,0.8840,1.1312,
2014-11-19,0.88,0.8811,1.1350,
2014-11-18,0.88,0.8846,1.1305,
2014-11-17,0.88,0.8843,1.1308,
2014-11-14,0.89,0.8854,1.1294,
2014-11-13,0.88,0.8811,1.1350,
2014-11-12,0.89,0.8862,1.1284,
2014-11-11,Bank holiday,Bank holiday,Bank holiday,
2014-11-10,0.88,0.8814,1.1345,
2014-11-07,0.88,0.8803,1.1360,
2014-11-06,0.88,0.8754,1.1424,
2014-11-05,0.88,0.8790,1.1377,
2014-11-04,0.88,0.8774,1.1397,
2014-11-03,0.88,0.8834,1.1320,
2014-10-31,0.89,0.8869,1.1275,
2014-10-30,0.89,0.8934,1.1193,
2014-10-29,0.90,0.8980,1.1136,
2014-10-28,0.89,0.8946,1.1178,
2014-10-27,0.89,0.8891,1.1247,
2014-10-24,0.89,0.8918,1.1213,
2014-10-23,0.89,0.8899,1.1237,
2014-10-22,0.89,0.8913,1.1219,
2014-10-21,0.89,0.8913,1.1219,
2014-10-20,0.89,0.8868,1.1277,
2014-10-17,0.89,0.8890,1.1248,
2014-10-16,0.89,0.8876,1.1266,
2014-10-15,0.89,0.8858,1.1289,
2014-10-14,0.89,0.8900,1.1236,
2014-10-13,Bank holiday,Bank holiday,Bank holiday,
2014-10-10,0.89,0.8947,1.1177,
2014-10-09,0.90,0.8969,1.1149,
2014-10-08,0.89,0.8943,1.1182,
2014-10-07,0.89,0.8943,1.1182,
2014-10-06,0.89,0.8949,1.1175,
2014-10-03,0.89,0.8884,1.1256,
2014-10-02,0.90,0.8968,1.1151,
2014-10-01,0.90,0.8952,1.1171,
2014-09-30,0.89,0.8922,1.1208,
2014-09-29,0.90,0.8973,1.1145,
2014-09-26,0.90,0.8957,1.1164,
2014-09-25,0.90,0.9004,1.1106,
2014-09-24,0.90,0.9017,1.1090,
2014-09-23,0.90,0.9042,1.1060,
2014-09-22,0.91,0.9084,1.1008,
2014-09-19,0.91,0.9117,1.0969,
2014-09-18,0.91,0.9136,1.0946,
2014-09-17,0.91,0.9131,1.0952,
2014-09-16,0.91,0.9099,1.0990,
2014-09-15,0.90,0.9049,1.1051,
2014-09-12,0.90,0.9029,1.1076,
2014-09-11,0.91,0.9065,1.1032,
2014-09-10,0.91,0.9128,1.0955,
2014-09-09,0.91,0.9081,1.1012,
2014-09-08,0.91,0.9147,1.0933,
2014-09-05,0.92,0.9183,1.0890,
2014-09-04,0.92,0.9206,1.0863,
2014-09-03,0.92,0.9197,1.0873,
2014-09-02,0.92,0.9153,1.0925,
2014-09-01,Bank holiday,Bank holiday,Bank holiday,
2014-08-29,0.92,0.9210,1.0858,
2014-08-28,0.92,0.9211,1.0857,
2014-08-27,0.92,0.9182,1.0891,
2014-08-26,0.91,0.9132,1.0951,
2014-08-25,0.91,0.9107,1.0980,
2014-08-22,0.91,0.9132,1.0950,
2014-08-21,0.91,0.9134,1.0948,
2014-08-20,0.91,0.9137,1.0944,
2014-08-19,0.91,0.9150,1.0929,
2014-08-18,0.92,0.9184,1.0889,
2014-08-15,0.92,0.9166,1.0910,
2014-08-14,0.92,0.9165,1.0911,
2014-08-13,0.91,0.9150,1.0929,
2014-08-12,0.91,0.9137,1.0944,
2014-08-11,0.91,0.9145,1.0935,
2014-08-08,0.91,0.9106,1.0982,
2014-08-07,0.92,0.9156,1.0922,
2014-08-06,0.92,0.9152,1.0926,
2014-08-05,0.91,0.9116,1.0970,
2014-08-04,Bank holiday,Bank holiday,Bank holiday,
2014-08-01,0.92,0.9158,1.0919,
2014-07-31,0.92,0.9183,1.0890,
2014-07-30,0.92,0.9167,1.0909,
2014-07-29,0.92,0.9216,1.0851,
2014-07-28,0.93,0.9258,1.0801,
2014-07-25,0.92,0.9247,1.0814,
2014-07-24,0.93,0.9309,1.0742,
2014-07-23,0.93,0.9310,1.0741,
2014-07-22,0.93,0.9307,1.0745,
2014-07-21,0.93,0.9314,1.0737,
2014-07-18,0.93,0.9314,1.0737,
2014-07-17,0.93,0.9300,1.0753,
2014-07-16,0.93,0.9302,1.0750,
2014-07-15,0.93,0.9289,1.0766,
2014-07-14,0.93,0.9327,1.0722,
2014-07-11,0.93,0.9328,1.0720,
2014-07-10,0.94,0.9383,1.0658,
2014-07-09,0.94,0.9390,1.0650,
2014-07-08,0.94,0.9369,1.0674,
2014-07-07,0.94,0.9379,1.0662,
2014-07-04,0.94,0.9399,1.0639,
2014-07-03,0.94,0.9404,1.0634,
2014-07-02,0.94,0.9375,1.0667,
2014-07-01,Bank holiday,Bank holiday,Bank holiday,
2014-06-30,0.94,0.9367,1.0676,
2014-06-27,0.94,0.9367,1.0676,
2014-06-26,0.93,0.9340,1.0707,
2014-06-25,0.93,0.9327,1.0721,
2014-06-24,0.93,0.9311,1.0740,
2014-06-23,0.93,0.9319,1.0731,
2014-06-20,0.93,0.9289,1.0766,
2014-06-19,0.92,0.9235,1.0828,
2014-06-18,0.92,0.9200,1.0870,
2014-06-17,0.92,0.9215,1.0852,
2014-06-16,0.92,0.9217,1.0850,
2014-06-13,0.92,0.9201,1.0868,
2014-06-12,0.92,0.9216,1.0851,
2014-06-11,0.92,0.9202,1.0867,
2014-06-10,0.92,0.9162,1.0915,
2014-06-09,0.92,0.9166,1.0910,
2014-06-06,0.91,0.9144,1.0936,
2014-06-05,0.91,0.9146,1.0934,
2014-06-04,0.91,0.9143,1.0937,
2014-06-03,0.92,0.9162,1.0915,
2014-06-02,0.92,0.9179,1.0895,
2014-05-30,0.92,0.9202,1.0867,
2014-05-29,0.92,0.9228,1.0837,
2014-05-28,0.92,0.9202,1.0867,
2014-05-27,0.92,0.9200,1.0869,
2014-05-26,0.92,0.9213,1.0854,
2014-05-23,0.92,0.9200,1.0870,
2014-05-22,0.92,0.9176,1.0898,
2014-05-21,0.91,0.9147,1.0933,
2014-05-20,0.92,0.9173,1.0901,
2014-05-19,Bank holiday,Bank holiday,Bank holiday,
2014-05-16,0.92,0.9189,1.0882,
2014-05-15,0.92,0.9185,1.0887,
2014-05-14,0.92,0.9185,1.0887,
2014-05-13,0.92,0.9181,1.0892,
2014-05-12,0.92,0.9185,1.0887,
2014-05-09,0.92,0.9174,1.0900,
2014-05-08,0.92,0.9210,1.0858,
2014-05-07,0.92,0.9178,1.0896,
2014-05-06,0.92,0.9183,1.0890,
2014-05-05,0.91,0.9128,1.0955,
2014-05-02,0.91,0.9113,1.0973,
2014-05-01,0.91,0.9120,1.0965,
2014-04-30,0.91,0.9127,1.0957,
2014-04-29,0.91,0.9122,1.0963,
2014-04-28,0.91,0.9064,1.1033,
2014-04-25,0.91,0.9056,1.1042,
2014-04-24,0.91,0.9069,1.1027,
2014-04-23,0.91,0.9065,1.1032,
2014-04-22,0.91,0.9069,1.1026,
2014-04-21,0.91,0.9074,1.1021,
2014-04-18,Bank holiday,Bank holiday,Bank holiday,
2014-04-17,0.91,0.9093,1.0998,
2014-04-16,0.91,0.9068,1.1028,
2014-04-15,0.91,0.9107,1.0981,
2014-04-14,0.91,0.9116,1.0970,
2014-04-11,0.91,0.9124,1.0960,
2014-04-10,0.92,0.9164,1.0912,
2014-04-09,0.92,0.9172,1.0903,
2014-04-08,0.92,0.9156,1.0922,
2014-04-07,0.91,0.9115,1.0971,
2014-04-04,0.91,0.9109,1.0978,
2014-04-03,0.91,0.9062,1.1035,
2014-04-02,0.91,0.9065,1.1031,
2014-04-01,0.91,0.9069,1.1027,
2014-03-31,0.90,0.9047,1.1053,
2014-03-28,0.90,0.9038,1.1064,
2014-03-27,0.90,0.9044,1.1057,
2014-03-26,0.90,0.8974,1.1143,
2014-03-25,0.89,0.8948,1.1176,
2014-03-24,0.89,0.8915,1.1217,
2014-03-21,0.89,0.8933,1.1194,
2014-03-20,0.89,0.8888,1.1251,
2014-03-19,0.89,0.8945,1.1179,
2014-03-18,0.90,0.9020,1.1086,
2014-03-17,0.90,0.9048,1.1052,
2014-03-14,0.90,0.9020,1.1087,
2014-03-13,0.90,0.9044,1.1057,
2014-03-12,0.90,0.8983,1.1132,
2014-03-11,0.90,0.9021,1.1085,
2014-03-10,0.90,0.9005,1.1105,
2014-03-07,0.90,0.9018,1.1089,
2014-03-06,0.91,0.9119,1.0966,
2014-03-05,0.90,0.9049,1.1051,
2014-03-04,0.90,0.8998,1.1114,
2014-03-03,0.90,0.9016,1.1092,
2014-02-28,0.90,0.9029,1.1075,
2014-02-27,0.90,0.8977,1.1140,
2014-02-26,0.90,0.8995,1.1117,
2014-02-25,0.90,0.9022,1.1084,
2014-02-24,0.90,0.9043,1.1058,
2014-02-21,0.90,0.8986,1.1128,
2014-02-20,0.90,0.9006,1.1104,
2014-02-19,0.91,0.9054,1.1045,
2014-02-18,0.91,0.9130,1.0953,
2014-02-17,Bank holiday,Bank holiday,Bank holiday,
2014-02-14,0.91,0.9107,1.0981,
2014-02-13,0.91,0.9107,1.0980,
2014-02-12,0.91,0.9097,1.0993,
2014-02-11,0.91,0.9070,1.1025,
2014-02-10,0.91,0.9051,1.1048,
2014-02-07,0.91,0.9076,1.1018,
2014-02-06,0.90,0.9037,1.1066,
2014-02-05,0.90,0.9008,1.1101,
2014-02-04,0.90,0.9046,1.1055,
2014-02-03,0.90,0.9029,1.1076,
2014-01-31,0.90,0.8994,1.1119,
2014-01-30,0.90,0.8952,1.1171,
2014-01-29,0.90,0.8970,1.1148,
2014-01-28,0.90,0.8970,1.1148,
2014-01-27,0.90,0.9011,1.1098,
2014-01-24,0.90,0.9040,1.1062,
2014-01-23,0.90,0.8985,1.1130,
2014-01-22,0.90,0.9034,1.1069,
2014-01-21,0.91,0.9114,1.0972,
2014-01-20,0.91,0.9122,1.0962,
2014-01-17,0.91,0.9123,1.0961,
2014-01-16,0.92,0.9152,1.0926,
2014-01-15,0.91,0.9147,1.0933,
2014-01-14,0.91,0.9146,1.0934,
2014-01-13,0.92,0.9200,1.0869,
2014-01-10,0.92,0.9160,1.0917,
2014-01-09,0.92,0.9216,1.0851,
2014-01-08,0.93,0.9256,1.0804,
2014-01-07,0.93,0.9309,1.0742,
2014-01-06,0.94,0.9382,1.0659,
2014-01-03,0.94,0.9422,1.0614,
2014-01-02,0.94,0.9405,1.0633,
2014-01-01,Bank holiday,Bank holiday,Bank holiday,
2013-12-31,0.94,0.9402,1.0636,
2013-12-30,0.94,0.9398,1.0640,
2013-12-27,0.93,0.9348,1.0697,
2013-12-26,Bank holiday,Bank holiday,Bank holiday,
2013-12-25,Bank holiday,Bank holiday,Bank holiday,
2013-12-24,0.94,0.9417,1.0619,
2013-12-23,0.94,0.9431,1.0603,
2013-12-20,0.94,0.9363,1.0680,
2013-12-19,0.94,0.9367,1.0676,
2013-12-18,0.94,0.9394,1.0645,
2013-12-17,0.94,0.9425,1.0610,
2013-12-16,0.95,0.9454,1.0577,
2013-12-13,0.94,0.9438,1.0595,
2013-12-12,0.94,0.9398,1.0641,
2013-12-11,0.94,0.9428,1.0607,
2013-12-10,0.94,0.9414,1.0623,
2013-12-09,0.94,0.9398,1.0641,
2013-12-06,0.94,0.9378,1.0663,
2013-12-05,0.94,0.9400,1.0638,
2013-12-04,0.93,0.9349,1.0696,
2013-12-03,0.94,0.9379,1.0662,
2013-12-02,0.94,0.9404,1.0634,
2013-11-29,0.94,0.9435,1.0599,
2013-11-28,0.94,0.9440,1.0593,
2013-11-27,0.94,0.9438,1.0595,
2013-11-26,0.95,0.9481,1.0547,
2013-11-25,0.95,0.9475,1.0554,
2013-11-22,0.95,0.9492,1.0535,
2013-11-21,0.95,0.9518,1.0506,
2013-11-20,0.96,0.9574,1.0445,
2013-11-19,0.96,0.9555,1.0466,
2013-11-18,0.96,0.9590,1.0427,
2013-11-15,0.96,0.9562,1.0458,
2013-11-14,0.95,0.9527,1.0497,
2013-11-13,0.96,0.9553,1.0468,
2013-11-12,0.95,0.9522,1.0502,
2013-11-11,Bank holiday,Bank holiday,Bank holiday,
2013-11-08,0.95,0.9536,1.0487,
2013-11-07,0.96,0.9577,1.0442,
2013-11-06,0.96,0.9598,1.0419,
2013-11-05,0.96,0.9571,1.0448,
2013-11-04,0.96,0.9602,1.0415,
2013-11-01,0.96,0.9576,1.0443,
2013-10-31,0.96,0.9589,1.0429,
2013-10-30,0.96,0.9564,1.0456,
2013-10-29,0.96,0.9574,1.0445,
2013-10-28,0.96,0.9574,1.0445,
2013-10-25,0.96,0.9569,1.0450,
2013-10-24,0.96,0.9595,1.0422,
2013-10-23,0.96,0.9629,1.0385,
2013-10-22,0.97,0.9724,1.0284,
2013-10-21,0.97,0.9712,1.0297,
2013-10-18,0.97,0.9721,1.0287,
2013-10-17,0.97,0.9723,1.0285,
2013-10-16,0.97,0.9667,1.0345,
2013-10-15,0.96,0.9642,1.0371,
2013-10-14,Bank holiday,Bank holiday,Bank holiday,
2013-10-11,0.96,0.9629,1.0385,
2013-10-10,0.96,0.9631,1.0383,
2013-10-09,0.96,0.9618,1.0397,
2013-10-08,0.97,0.9680,1.0331,
2013-10-07,0.97,0.9703,1.0306,
2013-10-04,0.97,0.9703,1.0306,
2013-10-03,0.97,0.9687,1.0323,
2013-10-02,0.97,0.9679,1.0332,
2013-10-01,0.97,0.9678,1.0333,
2013-09-30,0.97,0.9723,1.0285,
2013-09-27,0.97,0.9709,1.0300,
2013-09-26,0.97,0.9689,1.0321,
2013-09-25,0.97,0.9713,1.0295,
2013-09-24,0.97,0.9713,1.0295,
2013-09-23,0.97,0.9725,1.0283,
2013-09-20,0.97,0.9721,1.0287,
2013-09-19,0.98,0.9768,1.0237,
2013-09-18,0.97,0.9697,1.0312,
2013-09-17,0.97,0.9717,1.0291,
2013-09-16,0.97,0.9694,1.0316,
2013-09-13,0.97,0.9670,1.0341,
2013-09-12,0.97,0.9690,1.0320,
2013-09-11,0.97,0.9674,1.0337,
2013-09-10,0.97,0.9655,1.0357,
2013-09-09,0.96,0.9647,1.0366,
2013-09-06,0.96,0.9625,1.0390,
2013-09-05,0.95,0.9524,1.0500,
2013-09-04,0.95,0.9540,1.0482,
2013-09-03,0.95,0.9494,1.0533,
2013-09-02,Bank holiday,Bank holiday,Bank holiday,
2013-08-30,0.95,0.9476,1.0553,
2013-08-29,0.95,0.9500,1.0526,
2013-08-28,0.95,0.9533,1.0490,
2013-08-27,0.95,0.9521,1.0503,
2013-08-26,0.95,0.9511,1.0514,
2013-08-23,0.95,0.9510,1.0515,
2013-08-22,0.95,0.9513,1.0512,
2013-08-21,0.96,0.9576,1.0443,
2013-08-20,0.96,0.9638,1.0376,
2013-08-19,0.97,0.9677,1.0334,
2013-08-16,0.97,0.9667,1.0345,
2013-08-15,0.97,0.9671,1.0340,
2013-08-14,0.97,0.9688,1.0322,
2013-08-13,0.97,0.9667,1.0345,
2013-08-12,0.97,0.9712,1.0297,
2013-08-09,0.97,0.9706,1.0303,
2013-08-08,0.97,0.9664,1.0348,
2013-08-07,0.96,0.9601,1.0416,
2013-08-06,0.96,0.9635,1.0379,
2013-08-05,Bank holiday,Bank holiday,Bank holiday,
2013-08-02,0.96,0.9632,1.0382,
2013-08-01,0.97,0.9673,1.0338,
2013-07-31,0.97,0.9721,1.0287,
2013-07-30,0.97,0.9715,1.0293,
2013-07-29,0.97,0.9746,1.0261,
2013-07-26,0.97,0.9717,1.0291,
2013-07-25,0.97,0.9725,1.0283,
2013-07-24,0.97,0.9711,1.0298,
2013-07-23,0.97,0.9705,1.0304,
2013-07-22,0.97,0.9674,1.0337,
2013-07-19,0.96,0.9650,1.0363,
2013-07-18,0.96,0.9619,1.0396,
2013-07-17,0.96,0.9592,1.0425,
2013-07-16,0.96,0.9626,1.0388,
2013-07-15,0.96,0.9603,1.0413,
2013-07-12,0.96,0.9623,1.0392,
2013-07-11,0.96,0.9626,1.0389,
2013-07-10,0.95,0.9514,1.0511,
2013-07-09,0.95,0.9497,1.0530,
2013-07-08,0.95,0.9455,1.0576,
2013-07-05,0.95,0.9463,1.0568,
2013-07-04,0.95,0.9512,1.0513,
2013-07-03,0.95,0.9503,1.0523,
2013-07-02,0.95,0.9497,1.0530,
2013-07-01,Bank holiday,Bank holiday,Bank holiday,
2013-06-28,0.95,0.9513,1.0512,
2013-06-27,0.95,0.9542,1.0480,
2013-06-26,0.96,0.9552,1.0469,
2013-06-25,0.95,0.9512,1.0513,
2013-06-24,0.95,0.9495,1.0532,
2013-06-21,0.96,0.9551,1.0470,
2013-06-20,0.96,0.9627,1.0387,
2013-06-19,0.98,0.9816,1.0187,
2013-06-18,0.98,0.9795,1.0209,
2013-06-17,0.98,0.9827,1.0176,
2013-06-14,0.98,0.9826,1.0177,
2013-06-13,0.98,0.9833,1.0170,
2013-06-12,0.98,0.9802,1.0202,
2013-06-11,0.98,0.9814,1.0190,
2013-06-10,0.98,0.9816,1.0187,
2013-06-07,0.98,0.9794,1.0210,
2013-06-06,0.98,0.9768,1.0238,
2013-06-05,0.97,0.9667,1.0345,
2013-06-04,0.97,0.9664,1.0348,
2013-06-03,0.97,0.9717,1.0291,
2013-05-31,0.97,0.9672,1.0339,
2013-05-30,0.97,0.9700,1.0309,
2013-05-29,0.96,0.9643,1.0370,
2013-05-28,0.96,0.9642,1.0371,
2013-05-27,0.97,0.9681,1.0329,
2013-05-24,0.97,0.9687,1.0323,
2013-05-23,0.97,0.9699,1.0310,
2013-05-22,0.97,0.9678,1.0333,
2013-05-21,0.97,0.9730,1.0277,
2013-05-20,Bank holiday,Bank holiday,Bank holiday,
2013-05-17,0.97,0.9738,1.0269,
2013-05-16,0.98,0.9840,1.0163,
2013-05-15,0.98,0.9830,1.0173,
2013-05-14,0.99,0.9854,1.0148,
2013-05-13,0.99,0.9893,1.0108,
2013-05-10,0.99,0.9878,1.0124,
2013-05-09,1.00,0.9973,1.0027,
2013-05-08,1.00,0.9977,1.0023,
2013-05-07,0.99,0.9948,1.0052,
2013-05-06,0.99,0.9926,1.0075,
2013-05-03,0.99,0.9922,1.0079,
2013-05-02,0.99,0.9918,1.0083,
2013-05-01,0.99,0.9917,1.0084,
2013-04-30,0.99,0.9929,1.0072,
2013-04-29,0.99,0.9864,1.0138,
2013-04-26,0.98,0.9833,1.0170,
2013-04-25,0.98,0.9810,1.0194,
2013-04-24,0.97,0.9737,1.0270,
2013-04-23,0.97,0.9748,1.0259,
2013-04-22,0.97,0.9744,1.0263,
2013-04-19,0.97,0.9743,1.0264,
2013-04-18,0.98,0.9751,1.0255,
2013-04-17,0.97,0.9745,1.0262,
2013-04-16,0.98,0.9775,1.0230,
2013-04-15,0.98,0.9798,1.0206,
2013-04-12,0.99,0.9868,1.0134,
2013-04-11,0.99,0.9894,1.0107,
2013-04-10,0.99,0.9852,1.0150,
2013-04-09,0.98,0.9841,1.0162,
2013-04-08,0.98,0.9806,1.0198,
2013-04-05,0.98,0.9813,1.0191,
2013-04-04,0.99,0.9863,1.0139,
2013-04-03,0.99,0.9868,1.0134,
2013-04-02,0.99,0.9854,1.0148,
2013-04-01,0.98,0.9836,1.0167,
2013-03-29,Bank holiday,Bank holiday,Bank holiday,
2013-03-28,0.98,0.9846,1.0156,
2013-03-27,0.98,0.9833,1.0170,
2013-03-26,0.98,0.9837,1.0166,
2013-03-25,0.98,0.9787,1.0218,
2013-03-22,0.98,0.9780,1.0225,
2013-03-21,0.98,0.9765,1.0241,
2013-03-20,0.97,0.9739,1.0268,
2013-03-19,0.97,0.9733,1.0274,
2013-03-18,0.98,0.9788,1.0217,
2013-03-15,0.98,0.9811,1.0193,
2013-03-14,0.97,0.9746,1.0261,
2013-03-13,0.97,0.9734,1.0273,
2013-03-12,0.98,0.9752,1.0254,
2013-03-11,0.97,0.9739,1.0268,
2013-03-08,0.97,0.9734,1.0273,
2013-03-07,0.97,0.9707,1.0302,
2013-03-06,0.97,0.9696,1.0314,
2013-03-05,0.97,0.9718,1.0290,
2013-03-04,0.97,0.9711,1.0298,
2013-03-01,0.97,0.9723,1.0285,
2013-02-28,0.97,0.9723,1.0285,
2013-02-27,0.98,0.9756,1.0250,
2013-02-26,0.97,0.9728,1.0280,
2013-02-25,0.97,0.9742,1.0265,
2013-02-22,0.98,0.9781,1.0224,
2013-02-21,0.98,0.9818,1.0185,
2013-02-20,0.98,0.9840,1.0163,
2013-02-19,0.99,0.9883,1.0118,
2013-02-18,Bank holiday,Bank holiday,Bank holiday,
2013-02-15,0.99,0.9930,1.0070,
2013-02-14,1.00,0.9992,1.0008,
2013-02-13,1.00,0.9980,1.0020,
2013-02-12,1.00,0.9971,1.0029,
2013-02-11,0.99,0.9935,1.0065,
2013-02-08,1.00,0.9980,1.0020,
2013-02-07,1.00,1.0007,0.9993,
2013-02-06,1.00,1.0040,0.9960,
2013-02-05,1.00,1.0028,0.9972,
2013-02-04,1.00,1.0023,0.9977,
2013-02-01,1.00,1.0013,0.9987,
2013-01-31,1.00,1.0008,0.9992,
2013-01-30,1.00,0.9967,1.0033,
2013-01-29,1.00,0.9971,1.0029,
2013-01-28,0.99,0.9931,1.0069,
2013-01-25,0.99,0.9923,1.0078,
2013-01-24,1.00,0.9974,1.0026,
2013-01-23,1.00,1.0014,0.9986,
2013-01-22,1.01,1.0066,0.9934,
2013-01-21,1.01,1.0067,0.9933,
2013-01-18,1.01,1.0063,0.9937,
2013-01-17,1.01,1.0149,0.9853,
2013-01-16,1.02,1.0152,0.9850,
2013-01-15,1.02,1.0164,0.9839,
2013-01-14,1.02,1.0163,0.9840,
2013-01-11,1.02,1.0162,0.9841,
2013-01-10,1.01,1.0142,0.9860,
2013-01-09,1.01,1.0134,0.9868,
2013-01-08,1.01,1.0129,0.9873,
2013-01-07,1.01,1.0142,0.9860,
2013-01-04,1.01,1.0146,0.9856,
2013-01-03,1.01,1.0149,0.9853,
2013-01-02,1.01,1.0143,0.9859,
2013-01-01,Bank holiday,Bank holiday,Bank holiday,
2012-12-31,1.01,1.0051,0.9949,
2012-12-28,1.00,1.0048,0.9952,
2012-12-27,1.01,1.0051,0.9949,
2012-12-26,Bank holiday,Bank holiday,Bank holiday,
2012-12-25,Bank holiday,Bank holiday,Bank holiday,
2012-12-24,1.01,1.0088,0.9913,
2012-12-21,1.01,1.0058,0.9942,
2012-12-20,1.01,1.0118,0.9883,
2012-12-19,1.01,1.0134,0.9868,
2012-12-18,1.01,1.0148,0.9854,
2012-12-17,1.02,1.0162,0.9841,
2012-12-14,1.01,1.0142,0.9860,
2012-12-13,1.02,1.0155,0.9847,
2012-12-12,1.01,1.0148,0.9854,
2012-12-11,1.01,1.0135,0.9867,
2012-12-10,1.01,1.0130,0.9872,
2012-12-07,1.01,1.0111,0.9890,
2012-12-06,1.01,1.0091,0.9910,
2012-12-05,1.01,1.0089,0.9912,
2012-12-04,1.01,1.0074,0.9927,
2012-12-03,1.01,1.0073,0.9928,
2012-11-30,1.01,1.0068,0.9932,
2012-11-29,1.01,1.0070,0.9930,
2012-11-28,1.01,1.0072,0.9929,
2012-11-27,1.01,1.0064,0.9936,
2012-11-26,1.01,1.0051,0.9949,
2012-11-23,1.01,1.0074,0.9927,
2012-11-22,1.00,1.0026,0.9974,
2012-11-21,1.00,1.0020,0.9980,
2012-11-20,1.00,1.0030,0.9970,
2012-11-19,1.00,1.0036,0.9964,
2012-11-16,1.00,0.9972,1.0028,
2012-11-15,1.00,0.9975,1.0025,
2012-11-14,1.00,0.9982,1.0018,
2012-11-13,1.00,0.9984,1.0016,
2012-11-12,Bank holiday,Bank holiday,Bank holiday,
2012-11-09,1.00,0.9994,1.0006,
2012-11-08,1.00,1.0014,0.9986,
2012-11-07,1.00,1.0028,0.9972,
2012-11-06,1.01,1.0064,0.9936,
2012-11-05,1.00,1.0035,0.9965,
2012-11-02,1.00,1.0036,0.9964,
2012-11-01,1.00,1.0027,0.9973,
2012-10-31,1.00,1.0004,0.9996,
2012-10-30,1.00,1.0006,0.9994,
2012-10-29,1.00,0.9996,1.0004,
2012-10-26,1.00,1.0010,0.9990,
2012-10-25,1.01,1.0058,0.9942,
2012-10-24,1.01,1.0054,0.9946,
2012-10-23,1.01,1.0066,0.9934,
2012-10-22,1.01,1.0062,0.9938,
2012-10-19,1.01,1.0068,0.9932,
2012-10-18,1.02,1.0196,0.9808,
2012-10-17,1.02,1.0208,0.9796,
2012-10-16,1.01,1.0148,0.9854,
2012-10-15,1.02,1.0221,0.9784,
2012-10-12,1.02,1.0205,0.9799,
2012-10-11,1.02,1.0223,0.9782,
2012-10-10,1.02,1.0218,0.9787,
2012-10-09,1.02,1.0217,0.9788,
2012-10-08,Bank holiday,Bank holiday,Bank holiday,
2012-10-05,1.02,1.0243,0.9763,
2012-10-04,1.02,1.0181,0.9822,
2012-10-03,1.01,1.0132,0.9870,
2012-10-02,1.02,1.0174,0.9829,
2012-10-01,1.02,1.0176,0.9827,
2012-09-28,1.02,1.0166,0.9837,
2012-09-27,1.02,1.0190,0.9814,
2012-09-26,1.02,1.0161,0.9842,
2012-09-25,1.02,1.0235,0.9770,
2012-09-24,1.02,1.0203,0.9801,
2012-09-21,1.03,1.0252,0.9754,
2012-09-20,1.02,1.0231,0.9774,
2012-09-19,1.03,1.0262,0.9745,
2012-09-18,1.03,1.0265,0.9742,
2012-09-17,1.03,1.0285,0.9723,
2012-09-14,1.03,1.0299,0.9710,
2012-09-13,1.03,1.0253,0.9753,
2012-09-12,1.02,1.0249,0.9757,
2012-09-11,1.03,1.0284,0.9724,
2012-09-10,1.02,1.0244,0.9762,
2012-09-07,1.02,1.0227,0.9778,
2012-09-06,1.02,1.0178,0.9825,
2012-09-05,1.01,1.0099,0.9902,
2012-09-04,1.01,1.0139,0.9863,
2012-09-03,Bank holiday,Bank holiday,Bank holiday,
2012-08-31,1.01,1.0139,0.9863,
2012-08-30,1.01,1.0075,0.9926,
2012-08-29,1.01,1.0127,0.9875,
2012-08-28,1.01,1.0138,0.9864,
2012-08-27,1.01,1.0109,0.9892,
2012-08-24,1.01,1.0081,0.9920,
2012-08-23,1.01,1.0073,0.9928,
2012-08-22,1.01,1.0072,0.9929,
2012-08-21,1.01,1.0138,0.9864,
2012-08-20,1.01,1.0111,0.9890,
2012-08-17,1.01,1.0116,0.9885,
2012-08-16,1.01,1.0120,0.9881,
2012-08-15,1.01,1.0110,0.9891,
2012-08-14,1.01,1.0087,0.9914,
2012-08-13,1.01,1.0067,0.9933,
2012-08-10,1.01,1.0085,0.9916,
2012-08-09,1.01,1.0077,0.9924,
2012-08-08,1.01,1.0053,0.9947,
2012-08-07,1.00,1.0036,0.9964,
2012-08-06,Bank holiday,Bank holiday,Bank holiday,
2012-08-03,1.00,1.0014,0.9986,
2012-08-02,0.99,0.9938,1.0062,
2012-08-01,1.00,0.9983,1.0017,
2012-07-31,1.00,0.9986,1.0014,
2012-07-30,1.00,0.9967,1.0033,
2012-07-27,0.99,0.9940,1.0060,
2012-07-26,0.99,0.9900,1.0101,
2012-07-25,0.98,0.9822,1.0181,
2012-07-24,0.98,0.9796,1.0208,
2012-07-23,0.98,0.9831,1.0172,
2012-07-20,0.99,0.9887,1.0114,
2012-07-19,0.99,0.9924,1.0077,
2012-07-18,0.99,0.9889,1.0112,
2012-07-17,0.99,0.9861,1.0141,
2012-07-16,0.98,0.9845,1.0157,
2012-07-13,0.99,0.9851,1.0151,
2012-07-12,0.98,0.9790,1.0214,
2012-07-11,0.98,0.9809,1.0195,
2012-07-10,0.98,0.9801,1.0203,
2012-07-09,0.98,0.9792,1.0212,
2012-07-06,0.98,0.9805,1.0199,
2012-07-05,0.99,0.9871,1.0131,
2012-07-04,0.99,0.9874,1.0128,
2012-07-03,0.99,0.9878,1.0123,
2012-07-02,Bank holiday,Bank holiday,Bank holiday,
2012-06-29,0.98,0.9813,1.0191,
2012-06-28,0.97,0.9678,1.0333,
2012-06-27,0.97,0.9749,1.0257,
2012-06-26,0.97,0.9742,1.0265,
2012-06-25,0.97,0.9706,1.0303,
2012-06-22,0.97,0.9747,1.0260,
2012-06-21,0.98,0.9755,1.0251,
2012-06-20,0.98,0.9810,1.0194,
2012-06-19,0.98,0.9825,1.0178,
2012-06-18,0.97,0.9741,1.0266,
2012-06-15,0.98,0.9762,1.0244,
2012-06-14,0.98,0.9759,1.0247,
2012-06-13,0.97,0.9737,1.0270,
2012-06-12,0.97,0.9739,1.0268,
2012-06-11,0.97,0.9725,1.0283,
2012-06-08,0.97,0.9679,1.0332,
2012-06-07,0.98,0.9762,1.0244,
2012-06-06,0.97,0.9712,1.0297,
2012-06-05,0.96,0.9602,1.0414,
2012-06-04,0.96,0.9599,1.0418,
2012-06-01,0.96,0.9634,1.0380,
2012-05-31,0.97,0.9663,1.0349,
2012-05-30,0.97,0.9722,1.0286,
2012-05-29,0.98,0.9753,1.0253,
2012-05-28,0.98,0.9765,1.0241,
2012-05-25,0.97,0.9723,1.0285,
2012-05-24,0.97,0.9732,1.0275,
2012-05-23,0.97,0.9732,1.0275,
2012-05-22,0.98,0.9813,1.0191,
2012-05-21,Bank holiday,Bank holiday,Bank holiday,
2012-05-18,0.98,0.9794,1.0210,
2012-05-17,0.98,0.9839,1.0164,
2012-05-16,0.99,0.9899,1.0102,
2012-05-15,1.00,0.9971,1.0029,
2012-05-14,1.00,0.9981,1.0019,
2012-05-11,1.00,1.0032,0.9968,
2012-05-10,1.00,0.9983,1.0017,
2012-05-09,1.00,0.9985,1.0015,
2012-05-08,1.00,1.0003,0.9997,
2012-05-07,1.01,1.0065,0.9935,
2012-05-04,1.00,1.0044,0.9956,
2012-05-03,1.01,1.0134,0.9868,
2012-05-02,1.01,1.0110,0.9891,
2012-05-01,1.02,1.0164,0.9839,
2012-04-30,1.01,1.0117,0.9884,
2012-04-27,1.02,1.0197,0.9807,
2012-04-26,1.02,1.0162,0.9841,
2012-04-25,1.02,1.0154,0.9848,
2012-04-24,1.01,1.0118,0.9883,
2012-04-23,1.01,1.0064,0.9936,
2012-04-20,1.01,1.0090,0.9911,
2012-04-19,1.01,1.0074,0.9927,
2012-04-18,1.01,1.0099,0.9902,
2012-04-17,1.01,1.0124,0.9878,
2012-04-16,1.00,0.9976,1.0024,
2012-04-13,1.00,1.0021,0.9979,
2012-04-12,1.01,1.0050,0.9950,
2012-04-11,1.00,0.9961,1.0039,
2012-04-10,1.00,0.9972,1.0028,
2012-04-09,1.00,1.0028,0.9972,
2012-04-06,Bank holiday,Bank holiday,Bank holiday,
2012-04-05,1.01,1.0073,0.9928,
2012-04-04,1.00,1.0038,0.9962,
2012-04-03,1.01,1.0091,0.9910,
2012-04-02,1.01,1.0084,0.9917,
2012-03-30,1.00,1.0009,0.9991,
2012-03-29,1.00,1.0001,0.9999,
2012-03-28,1.00,1.0016,0.9984,
2012-03-27,1.01,1.0073,0.9928,
2012-03-26,1.01,1.0079,0.9922,
2012-03-23,1.00,1.0018,0.9982,
2012-03-22,1.00,0.9997,1.0003,
2012-03-21,1.01,1.0069,0.9931,
2012-03-20,1.01,1.0067,0.9933,
2012-03-19,1.01,1.0121,0.9880,
2012-03-16,1.01,1.0087,0.9914,
2012-03-15,1.01,1.0072,0.9929,
2012-03-14,1.01,1.0086,0.9915,
2012-03-13,1.01,1.0096,0.9905,
2012-03-12,1.01,1.0065,0.9935,
2012-03-09,1.01,1.0106,0.9895,
2012-03-08,1.01,1.0080,0.9921,
2012-03-07,1.00,1.0007,0.9993,
2012-03-06,1.00,0.9985,1.0015,
2012-03-05,1.01,1.0064,0.9936,
2012-03-02,1.01,1.0113,0.9888,
2012-03-01,1.02,1.0153,0.9849,
2012-02-29,1.01,1.0136,0.9866,
2012-02-28,1.00,1.0044,0.9956,
2012-02-27,1.00,1.0017,0.9983,
2012-02-24,1.00,1.0012,0.9988,
2012-02-23,1.00,1.0015,0.9985,
2012-02-22,1.00,1.0000,1.0000,
2012-02-21,1.00,1.0045,0.9955,
2012-02-20,1.01,1.0077,0.9924,
2012-02-17,1.00,1.0030,0.9970,
2012-02-16,1.00,1.0038,0.9962,
2012-02-15,1.00,1.0035,0.9965,
2012-02-14,1.00,1.0009,0.9991,
2012-02-13,1.00,1.0004,0.9996,
2012-02-10,1.00,0.9984,1.0016,
2012-02-09,1.01,1.0059,0.9941,
2012-02-08,1.00,1.0030,0.9970,
2012-02-07,1.01,1.0052,0.9948,
2012-02-06,1.00,1.0046,0.9954,
2012-02-03,1.01,1.0055,0.9945,
2012-02-02,1.00,1.0015,0.9985,
2012-02-01,1.00,1.0029,0.9971,
2012-01-31,0.99,0.9948,1.0052,
2012-01-30,1.00,0.9968,1.0032,
2012-01-27,1.00,0.9987,1.0013,
2012-01-26,1.00,1.0014,0.9986,
2012-01-25,0.99,0.9881,1.0120,
2012-01-24,0.99,0.9904,1.0097,
2012-01-23,0.99,0.9921,1.0080,
2012-01-20,0.99,0.9859,1.0143,
2012-01-19,0.99,0.9906,1.0095,
2012-01-18,0.99,0.9862,1.0140,
2012-01-17,0.99,0.9870,1.0132,
2012-01-16,0.98,0.9833,1.0170,
2012-01-13,0.98,0.9761,1.0245,
2012-01-12,0.98,0.9806,1.0198,
2012-01-11,0.98,0.9812,1.0192,
2012-01-10,0.98,0.9839,1.0164,
2012-01-09,0.97,0.9735,1.0272,
2012-01-06,0.98,0.9773,1.0232,
2012-01-05,0.98,0.9807,1.0197,
2012-01-04,0.99,0.9867,1.0135,
2012-01-03,0.99,0.9911,1.0090,
2012-01-02,Bank holiday,Bank holiday,Bank holiday,
2011-12-30,0.98,0.9833,1.0170,
2011-12-29,0.98,0.9794,1.0210,
2011-12-28,0.98,0.9771,1.0234,
2011-12-27,Bank holiday,Bank holiday,Bank holiday,
2011-12-26,Bank holiday,Bank holiday,Bank holiday,
2011-12-23,0.98,0.9796,1.0208,
2011-12-22,0.98,0.9790,1.0214,
2011-12-21,0.97,0.9722,1.0286,
2011-12-20,0.97,0.9723,1.0285,
2011-12-19,0.96,0.9649,1.0364,
2011-12-16,0.96,0.9626,1.0388,
2011-12-15,0.97,0.9674,1.0337,
2011-12-14,0.96,0.9610,1.0406,
2011-12-13,0.97,0.9724,1.0284,
2011-12-12,0.97,0.9732,1.0275,
2011-12-09,0.98,0.9803,1.0201,
2011-12-08,0.98,0.9811,1.0193,
2011-12-07,0.99,0.9896,1.0105,
2011-12-06,0.99,0.9884,1.0117,
2011-12-05,0.99,0.9861,1.0141,
2011-12-02,0.98,0.9838,1.0165,
2011-12-01,0.98,0.9829,1.0174,
2011-11-30,0.98,0.9807,1.0197,
2011-11-29,0.97,0.9713,1.0296,
2011-11-28,0.97,0.9683,1.0327,
2011-11-25,0.95,0.9536,1.0487,
2011-11-24,0.96,0.9552,1.0469,
2011-11-23,0.95,0.9542,1.0480,
2011-11-22,0.96,0.9645,1.0368,
2011-11-21,0.96,0.9629,1.0385,
2011-11-18,0.97,0.9745,1.0262,
2011-11-17,0.98,0.9779,1.0226,
2011-11-16,0.98,0.9798,1.0206,
2011-11-15,0.98,0.9770,1.0235,
2011-11-14,0.98,0.9825,1.0178,
2011-11-11,Bank holiday,Bank holiday,Bank holiday,
2011-11-10,0.98,0.9814,1.0190,
2011-11-09,0.98,0.9830,1.0173,
2011-11-08,0.99,0.9862,1.0140,
2011-11-07,0.98,0.9831,1.0172,
2011-11-04,0.98,0.9823,1.0180,
2011-11-03,0.99,0.9875,1.0127,
2011-11-02,0.99,0.9876,1.0126,
2011-11-01,0.98,0.9806,1.0198,
2011-10-31,1.01,1.0065,0.9935,
2011-10-28,1.00,1.0043,0.9957,
2011-10-27,1.01,1.0058,0.9942,
2011-10-26,0.99,0.9900,1.0101,
2011-10-25,0.99,0.9858,1.0144,
2011-10-24,1.00,0.9961,1.0039,
2011-10-21,0.99,0.9910,1.0091,
2011-10-20,0.98,0.9787,1.0218,
2011-10-19,0.99,0.9866,1.0136,
2011-10-18,0.98,0.9840,1.0163,
2011-10-17,0.99,0.9850,1.0152,
2011-10-14,0.99,0.9855,1.0147,
2011-10-13,0.98,0.9768,1.0238,
2011-10-12,0.98,0.9839,1.0164,
2011-10-11,0.97,0.9721,1.0287,
2011-10-10,Bank holiday,Bank holiday,Bank holiday,
2011-10-07,0.97,0.9682,1.0328,
2011-10-06,0.96,0.9588,1.0430,
2011-10-05,0.96,0.9570,1.0449,
2011-10-04,0.94,0.9430,1.0604,
2011-10-03,0.96,0.9579,1.0440,
2011-09-30,0.96,0.9626,1.0389,
2011-09-29,0.97,0.9673,1.0338,
2011-09-28,0.98,0.9780,1.0225,
2011-09-27,0.98,0.9813,1.0191,
2011-09-26,0.97,0.9672,1.0339,
2011-09-23,0.97,0.9726,1.0282,
2011-09-22,0.97,0.9681,1.0329,
2011-09-21,1.00,1.0014,0.9986,
2011-09-20,1.01,1.0077,0.9924,
2011-09-19,1.01,1.0103,0.9898,
2011-09-16,1.02,1.0190,0.9814,
2011-09-15,1.01,1.0133,0.9869,
2011-09-14,1.01,1.0088,0.9913,
2011-09-13,1.01,1.0099,0.9902,
2011-09-12,1.00,1.0043,0.9957,
2011-09-09,1.00,1.0029,0.9971,
2011-09-08,1.01,1.0143,0.9859,
2011-09-07,1.01,1.0118,0.9883,
2011-09-06,1.01,1.0091,0.9910,
2011-09-05,Bank holiday,Bank holiday,Bank holiday,
2011-09-02,1.02,1.0188,0.9815,
2011-09-01,1.03,1.0254,0.9752,
2011-08-31,1.02,1.0221,0.9784,
2011-08-30,1.02,1.0211,0.9793,
2011-08-29,1.02,1.0225,0.9780,
2011-08-26,1.01,1.0149,0.9853,
2011-08-25,1.02,1.0160,0.9843,
2011-08-24,1.01,1.0121,0.9880,
2011-08-23,1.01,1.0125,0.9877,
2011-08-22,1.01,1.0100,0.9901,
2011-08-19,1.02,1.0153,0.9849,
2011-08-18,1.01,1.0100,0.9901,
2011-08-17,1.02,1.0183,0.9820,
2011-08-16,1.02,1.0186,0.9817,
2011-08-15,1.02,1.0165,0.9838,
2011-08-12,1.01,1.0122,0.9879,
2011-08-11,1.01,1.0109,0.9892,
2011-08-10,1.01,1.0091,0.9910,
2011-08-09,1.01,1.0108,0.9893,
2011-08-08,1.01,1.0111,0.9890,
2011-08-05,1.02,1.0160,0.9843,
2011-08-04,1.02,1.0239,0.9767,
2011-08-03,1.04,1.0380,0.9634,
2011-08-02,1.04,1.0438,0.9580,
2011-08-01,Bank holiday,Bank holiday,Bank holiday,
2011-07-29,1.05,1.0484,0.9538,
2011-07-28,1.05,1.0544,0.9484,
2011-07-27,1.06,1.0555,0.9474,
2011-07-26,1.06,1.0583,0.9449,
2011-07-25,1.06,1.0583,0.9449,
2011-07-22,1.05,1.0524,0.9502,
2011-07-21,1.06,1.0581,0.9451,
2011-07-20,1.05,1.0550,0.9479,
2011-07-19,1.05,1.0520,0.9506,
2011-07-18,1.04,1.0400,0.9615,
2011-07-15,1.05,1.0487,0.9536,
2011-07-14,1.04,1.0433,0.9585,
2011-07-13,1.04,1.0436,0.9582,
2011-07-12,1.03,1.0343,0.9668,
2011-07-11,1.03,1.0346,0.9666,
2011-07-08,1.04,1.0387,0.9627,
2011-07-07,1.04,1.0432,0.9586,
2011-07-06,1.04,1.0355,0.9657,
2011-07-05,1.04,1.0408,0.9608,
2011-07-04,1.04,1.0419,0.9598,
2011-07-01,Bank holiday,Bank holiday,Bank holiday,
2011-06-30,1.04,1.0370,0.9643,
2011-06-29,1.03,1.0304,0.9705,
2011-06-28,1.02,1.0182,0.9821,
2011-06-27,1.01,1.0141,0.9861,
2011-06-24,1.02,1.0153,0.9849,
2011-06-23,1.02,1.0205,0.9799,
2011-06-22,1.03,1.0282,0.9726,
2011-06-21,1.03,1.0284,0.9724,
2011-06-20,1.02,1.0220,0.9785,
2011-06-17,1.02,1.0207,0.9797,
2011-06-16,1.02,1.0160,0.9843,
2011-06-15,1.02,1.0225,0.9780,
2011-06-14,1.03,1.0324,0.9686,
2011-06-13,1.02,1.0226,0.9779,
2011-06-10,1.02,1.0238,0.9768,
2011-06-09,1.03,1.0275,0.9732,
2011-06-08,1.02,1.0225,0.9780,
2011-06-07,1.03,1.0262,0.9745,
2011-06-06,1.02,1.0220,0.9785,
2011-06-03,1.02,1.0235,0.9770,
2011-06-02,1.02,1.0211,0.9793,
2011-06-01,1.03,1.0294,0.9714,
2011-05-31,1.03,1.0322,0.9688,
2011-05-30,1.02,1.0241,0.9765,
2011-05-27,1.02,1.0234,0.9771,
2011-05-26,1.02,1.0195,0.9809,
2011-05-25,1.02,1.0241,0.9765,
2011-05-24,1.02,1.0231,0.9774,
2011-05-23,Bank holiday,Bank holiday,Bank holiday,
2011-05-20,1.03,1.0272,0.9735,
2011-05-19,1.03,1.0308,0.9701,
2011-05-18,1.03,1.0285,0.9723,
2011-05-17,1.02,1.0232,0.9773,
2011-05-16,1.03,1.0306,0.9703,
2011-05-13,1.03,1.0300,0.9709,
2011-05-12,1.04,1.0354,0.9658,
2011-05-11,1.04,1.0436,0.9582,
2011-05-10,1.04,1.0406,0.9610,
2011-05-09,1.04,1.0351,0.9661,
2011-05-06,1.04,1.0398,0.9617,
2011-05-05,1.03,1.0342,0.9669,
2011-05-04,1.04,1.0438,0.9580,
2011-05-03,1.05,1.0537,0.9490,
2011-05-02,1.05,1.0535,0.9492,
2011-04-29,1.05,1.0542,0.9486,
2011-04-28,1.05,1.0514,0.9511,
2011-04-27,1.05,1.0472,0.9549,
2011-04-26,1.05,1.0519,0.9507,
2011-04-25,1.05,1.0481,0.9541,
2011-04-22,Bank holiday,Bank holiday,Bank holiday,
2011-04-21,1.05,1.0505,0.9519,
2011-04-20,1.05,1.0500,0.9524,
2011-04-19,1.04,1.0448,0.9571,
2011-04-18,1.03,1.0319,0.9691,
2011-04-15,1.04,1.0400,0.9615,
2011-04-14,1.04,1.0389,0.9626,
2011-04-13,1.04,1.0373,0.9640,
2011-04-12,1.04,1.0390,0.9625,
2011-04-11,1.05,1.0474,0.9547,
2011-04-08,1.05,1.0454,0.9566,
2011-04-07,1.04,1.0424,0.9593,
2011-04-06,1.04,1.0430,0.9588,
2011-04-05,1.04,1.0378,0.9636,
2011-04-04,1.03,1.0332,0.9679,
2011-04-01,1.04,1.0385,0.9629,
2011-03-31,1.03,1.0290,0.9718,
2011-03-30,1.03,1.0294,0.9714,
2011-03-29,1.02,1.0245,0.9761,
2011-03-28,1.02,1.0248,0.9758,
2011-03-25,1.02,1.0227,0.9778,
2011-03-24,1.03,1.0259,0.9748,
2011-03-23,1.02,1.0182,0.9821,
2011-03-22,1.02,1.0238,0.9768,
2011-03-21,1.02,1.0231,0.9774,
2011-03-18,1.02,1.0158,0.9844,
2011-03-17,1.01,1.0116,0.9885,
2011-03-16,1.01,1.0083,0.9918,
2011-03-15,1.02,1.0173,0.9830,
2011-03-14,1.02,1.0247,0.9759,
2011-03-11,1.03,1.0273,0.9734,
2011-03-10,1.03,1.0276,0.9731,
2011-03-09,1.03,1.0324,0.9686,
2011-03-08,1.03,1.0295,0.9713,
2011-03-07,1.03,1.0269,0.9738,
2011-03-04,1.03,1.0294,0.9714,
2011-03-03,1.03,1.0260,0.9747,
2011-03-02,1.03,1.0273,0.9734,
2011-03-01,1.03,1.0264,0.9743,
2011-02-28,1.03,1.0268,0.9739,
2011-02-25,1.02,1.0195,0.9809,
2011-02-24,1.02,1.0161,0.9842,
2011-02-23,1.01,1.0077,0.9924,
2011-02-22,1.01,1.0143,0.9859,
2011-02-21,1.02,1.0165,0.9838,
2011-02-18,1.02,1.0173,0.9830,
2011-02-17,1.02,1.0164,0.9839,
2011-02-16,1.01,1.0147,0.9855,
2011-02-15,1.01,1.0114,0.9887,
2011-02-14,1.01,1.0116,0.9885,
2011-02-11,1.01,1.0098,0.9903,
2011-02-10,1.00,1.0045,0.9955,
2011-02-09,1.01,1.0053,0.9947,
2011-02-08,1.01,1.0095,0.9906,
2011-02-07,1.01,1.0115,0.9886,
2011-02-04,1.01,1.0100,0.9901,
2011-02-03,1.01,1.0100,0.9901,
2011-02-02,1.01,1.0118,0.9883,
2011-02-01,1.01,1.0079,0.9922,
2011-01-31,1.00,0.9978,1.0022,
2011-01-28,1.00,1.0010,0.9990,
2011-01-27,1.01,1.0059,0.9941,
2011-01-26,1.00,1.0047,0.9953,
2011-01-25,1.00,1.0014,0.9986,
2011-01-24,1.01,1.0066,0.9934,
2011-01-21,1.01,1.0055,0.9945,
2011-01-20,1.00,0.9999,1.0001,
2011-01-19,1.01,1.0061,0.9939,
2011-01-18,1.01,1.0090,0.9911,
2011-01-17,1.01,1.0140,0.9862,
2011-01-14,1.01,1.0097,0.9904,
2011-01-13,1.01,1.0134,0.9868,
2011-01-12,1.01,1.0138,0.9864,
2011-01-11,1.01,1.0098,0.9903,
2011-01-10,1.01,1.0076,0.9925,
2011-01-07,1.01,1.0066,0.9934,
2011-01-06,1.00,1.0046,0.9954,
2011-01-05,1.01,1.0053,0.9947,
2011-01-04,1.00,1.0014,0.9986,
2011-01-03,Bank holiday,Bank holiday,Bank holiday,
2010-12-31,1.01,1.0054,0.9946,
2010-12-30,1.00,0.9991,1.0009,
2010-12-29,1.00,0.9997,1.0003,
2010-12-28,Bank holiday,Bank holiday,Bank holiday,
2010-12-27,Bank holiday,Bank holiday,Bank holiday,
2010-12-24,0.99,0.9936,1.0064,
2010-12-23,0.99,0.9906,1.0095,
2010-12-22,0.99,0.9854,1.0148,
2010-12-21,0.98,0.9828,1.0175,
2010-12-20,0.98,0.9825,1.0178,
2010-12-17,0.99,0.9878,1.0124,
2010-12-16,0.99,0.9944,1.0056,
2010-12-15,1.00,0.9965,1.0035,
2010-12-14,1.00,0.9959,1.0041,
2010-12-13,1.00,0.9954,1.0046,
2010-12-10,0.99,0.9908,1.0093,
2010-12-09,0.99,0.9903,1.0098,
2010-12-08,0.99,0.9902,1.0099,
2010-12-07,0.99,0.9908,1.0093,
2010-12-06,0.99,0.9942,1.0058,
2010-12-03,0.99,0.9940,1.0060,
2010-12-02,1.00,0.9954,1.0046,
2010-12-01,0.98,0.9843,1.0160,
2010-11-30,0.97,0.9743,1.0264,
2010-11-29,0.98,0.9778,1.0227,
2010-11-26,0.98,0.9813,1.0191,
2010-11-25,0.99,0.9918,1.0083,
2010-11-24,0.99,0.9893,1.0108,
2010-11-23,0.98,0.9761,1.0245,
2010-11-22,0.98,0.9816,1.0187,
2010-11-19,0.98,0.9796,1.0208,
2010-11-18,0.98,0.9829,1.0174,
2010-11-17,0.98,0.9797,1.0207,
2010-11-16,0.98,0.9774,1.0231,
2010-11-15,0.99,0.9935,1.0065,
2010-11-12,0.99,0.9921,1.0080,
2010-11-11,Bank holiday,Bank holiday,Bank holiday,
2010-11-10,1.00,0.9983,1.0017,
2010-11-09,1.00,0.9987,1.0013,
2010-11-08,1.00,0.9978,1.0022,
2010-11-05,1.00,0.9985,1.0015,
2010-11-04,1.00,0.9976,1.0024,
2010-11-03,0.99,0.9909,1.0092,
2010-11-02,0.99,0.9902,1.0099,
2010-11-01,0.99,0.9866,1.0136,
2010-10-29,0.98,0.9815,1.0188,
2010-10-28,0.98,0.9802,1.0202,
2010-10-27,0.97,0.9690,1.0320,
2010-10-26,0.98,0.9782,1.0223,
2010-10-25,0.98,0.9806,1.0198,
2010-10-22,0.97,0.9744,1.0263,
2010-10-21,0.98,0.9772,1.0233,
2010-10-20,0.98,0.9761,1.0245,
2010-10-19,0.97,0.9711,1.0298,
2010-10-18,0.99,0.9853,1.0149,
2010-10-15,0.99,0.9893,1.0108,
2010-10-14,1.00,0.9964,1.0036,
2010-10-13,1.00,0.9970,1.0030,
2010-10-12,0.99,0.9891,1.0110,
2010-10-11,Bank holiday,Bank holiday,Bank holiday,
2010-10-08,0.99,0.9866,1.0136,
2010-10-07,0.98,0.9837,1.0166,
2010-10-06,0.99,0.9928,1.0073,
2010-10-05,0.98,0.9835,1.0168,
2010-10-04,0.98,0.9771,1.0234,
2010-10-01,0.98,0.9790,1.0215,
2010-09-30,0.97,0.9711,1.0298,
2010-09-29,0.97,0.9709,1.0300,
2010-09-28,0.97,0.9703,1.0306,
2010-09-27,0.97,0.9747,1.0260,
2010-09-24,0.97,0.9744,1.0263,
2010-09-23,0.97,0.9699,1.0310,
2010-09-22,0.97,0.9683,1.0327,
2010-09-21,0.97,0.9695,1.0315,
2010-09-20,0.97,0.9727,1.0281,
2010-09-17,0.97,0.9680,1.0331,
2010-09-16,0.97,0.9733,1.0274,
2010-09-15,0.97,0.9726,1.0282,
2010-09-14,0.98,0.9783,1.0222,
2010-09-13,0.97,0.9729,1.0279,
2010-09-10,0.97,0.9654,1.0358,
2010-09-09,0.97,0.9682,1.0328,
2010-09-08,0.97,0.9653,1.0359,
2010-09-07,0.96,0.9590,1.0427,
2010-09-06,Bank holiday,Bank holiday,Bank holiday,
2010-09-03,0.96,0.9605,1.0411,
2010-09-02,0.95,0.9506,1.0520,
2010-09-01,0.95,0.9527,1.0497,
2010-08-31,0.94,0.9399,1.0639,
2010-08-30,0.95,0.9468,1.0562,
2010-08-27,0.95,0.9482,1.0546,
2010-08-26,0.95,0.9482,1.0546,
2010-08-25,0.94,0.9397,1.0642,
2010-08-24,0.95,0.9467,1.0563,
2010-08-23,0.95,0.9511,1.0514,
2010-08-20,0.95,0.9524,1.0500,
2010-08-19,0.96,0.9616,1.0399,
2010-08-18,0.97,0.9719,1.0289,
2010-08-17,0.97,0.9697,1.0312,
2010-08-16,0.96,0.9586,1.0432,
2010-08-13,0.96,0.9614,1.0402,
2010-08-12,0.96,0.9584,1.0434,
2010-08-11,0.96,0.9564,1.0456,
2010-08-10,0.97,0.9664,1.0348,
2010-08-09,0.97,0.9741,1.0266,
2010-08-06,0.97,0.9734,1.0273,
2010-08-05,0.98,0.9844,1.0158,
2010-08-04,0.98,0.9818,1.0185,
2010-08-03,0.98,0.9780,1.0225,
2010-08-02,Bank holiday,Bank holiday,Bank holiday,
2010-07-30,0.97,0.9718,1.0290,
2010-07-29,0.96,0.9643,1.0370,
2010-07-28,0.97,0.9655,1.0357,
2010-07-27,0.97,0.9655,1.0357,
2010-07-26,0.97,0.9697,1.0312,
2010-07-23,0.96,0.9640,1.0373,
2010-07-22,0.96,0.9638,1.0376,
2010-07-21,0.96,0.9590,1.0427,
2010-07-20,0.95,0.9500,1.0526,
2010-07-19,0.95,0.9471,1.0559,
2010-07-16,0.95,0.9490,1.0537,
2010-07-15,0.96,0.9613,1.0403,
2010-07-14,0.97,0.9703,1.0306,
2010-07-13,0.97,0.9724,1.0284,
2010-07-12,0.96,0.9635,1.0379,
2010-07-09,0.97,0.9682,1.0328,
2010-07-08,0.96,0.9573,1.0446,
2010-07-07,0.95,0.9499,1.0527,
2010-07-06,0.95,0.9526,1.0498,
2010-07-05,0.94,0.9381,1.0660,
2010-07-02,0.94,0.9391,1.0649,
2010-07-01,Bank holiday,Bank holiday,Bank holiday,
2010-06-30,0.94,0.9429,1.0606,
2010-06-29,0.95,0.9498,1.0529,
2010-06-28,0.97,0.9674,1.0337,
2010-06-25,0.96,0.9643,1.0370,
2010-06-24,0.96,0.9586,1.0432,
2010-06-23,0.96,0.9584,1.0434,
2010-06-22,0.98,0.9803,1.0201,
2010-06-21,0.98,0.9805,1.0199,
2010-06-18,0.98,0.9768,1.0238,
2010-06-17,0.97,0.9724,1.0284,
2010-06-16,0.98,0.9769,1.0236,
2010-06-15,0.97,0.9720,1.0288,
2010-06-14,0.98,0.9753,1.0253,
2010-06-11,0.97,0.9678,1.0333,
2010-06-10,0.97,0.9674,1.0337,
2010-06-09,0.96,0.9620,1.0395,
2010-06-08,0.95,0.9508,1.0518,
2010-06-07,0.95,0.9488,1.0540,
2010-06-04,0.95,0.9509,1.0516,
2010-06-03,0.96,0.9601,1.0416,
2010-06-02,0.96,0.9612,1.0404,
2010-06-01,0.95,0.9543,1.0479,
2010-05-31,0.96,0.9558,1.0462,
2010-05-28,0.95,0.9525,1.0499,
2010-05-27,0.95,0.9527,1.0496,
2010-05-26,0.94,0.9389,1.0651,
2010-05-25,0.93,0.9278,1.0778,
2010-05-24,Bank holiday,Bank holiday,Bank holiday,
2010-05-21,0.95,0.9461,1.0570,
2010-05-20,0.94,0.9382,1.0659,
2010-05-19,0.95,0.9510,1.0515,
2010-05-18,0.97,0.9681,1.0330,
2010-05-17,0.96,0.9611,1.0405,
2010-05-14,0.97,0.9667,1.0344,
2010-05-13,0.99,0.9853,1.0149,
2010-05-12,0.98,0.9803,1.0201,
2010-05-11,0.98,0.9809,1.0195,
2010-05-10,0.98,0.9760,1.0246,
2010-05-07,0.96,0.9587,1.0431,
2010-05-06,0.96,0.9581,1.0437,
2010-05-05,0.97,0.9741,1.0266,
2010-05-04,0.98,0.9789,1.0216,
2010-05-03,0.99,0.9868,1.0134,
2010-04-30,0.99,0.9885,1.0116,
2010-04-29,0.99,0.9946,1.0054,
2010-04-28,0.99,0.9874,1.0128,
2010-04-27,0.98,0.9830,1.0173,
2010-04-26,1.00,0.9991,1.0009,
2010-04-23,1.00,0.9973,1.0027,
2010-04-22,1.00,0.9987,1.0013,
2010-04-21,1.00,1.0016,0.9984,
2010-04-20,1.00,1.0014,0.9986,
2010-04-19,0.98,0.9803,1.0201,
2010-04-16,0.99,0.9854,1.0148,
2010-04-15,1.00,0.9986,1.0014,
2010-04-14,1.00,1.0039,0.9961,
2010-04-13,1.00,0.9972,1.0028,
2010-04-12,1.00,0.9985,1.0015,
2010-04-09,0.99,0.9945,1.0055,
2010-04-08,1.00,0.9980,1.0020,
2010-04-07,1.00,0.9970,1.0030,
2010-04-06,1.00,0.9999,1.0001,
2010-04-05,1.00,0.9975,1.0025,
2010-04-02,Bank holiday,Bank holiday,Bank holiday,
2010-04-01,0.99,0.9926,1.0075,
2010-03-31,0.98,0.9846,1.0156,
2010-03-30,0.98,0.9815,1.0188,
2010-03-29,0.98,0.9801,1.0203,
2010-03-26,0.97,0.9723,1.0285,
2010-03-25,0.98,0.9815,1.0188,
2010-03-24,0.97,0.9740,1.0267,
2010-03-23,0.98,0.9825,1.0178,
2010-03-22,0.98,0.9811,1.0193,
2010-03-19,0.98,0.9847,1.0155,
2010-03-18,0.99,0.9863,1.0139,
2010-03-17,0.99,0.9888,1.0113,
2010-03-16,0.99,0.9854,1.0148,
2010-03-15,0.98,0.9788,1.0217,
2010-03-12,0.98,0.9816,1.0187,
2010-03-11,0.97,0.9742,1.0265,
2010-03-10,0.98,0.9763,1.0243,
2010-03-09,0.98,0.9755,1.0251,
2010-03-08,0.97,0.9722,1.0286,
2010-03-05,0.97,0.9722,1.0286,
2010-03-04,0.97,0.9700,1.0309,
2010-03-03,0.97,0.9721,1.0287,
2010-03-02,0.97,0.9684,1.0326,
2010-03-01,0.96,0.9596,1.0421,
2010-02-26,0.95,0.9500,1.0526,
2010-02-25,0.94,0.9368,1.0675,
2010-02-24,0.95,0.9479,1.0550,
2010-02-23,0.95,0.9508,1.0517,
2010-02-22,0.96,0.9590,1.0428,
2010-02-19,0.96,0.9597,1.0420,
2010-02-18,0.96,0.9568,1.0452,
2010-02-17,0.96,0.9565,1.0455,
2010-02-16,0.96,0.9591,1.0426,
2010-02-15,0.95,0.9542,1.0480,
2010-02-12,0.95,0.9496,1.0531,
2010-02-11,0.95,0.9503,1.0523,
2010-02-10,0.94,0.9371,1.0671,
2010-02-09,0.94,0.9355,1.0690,
2010-02-08,0.94,0.9353,1.0692,
2010-02-05,0.93,0.9324,1.0725,
2010-02-04,0.93,0.9316,1.0734,
2010-02-03,0.94,0.9426,1.0609,
2010-02-02,0.94,0.9428,1.0607,
2010-02-01,0.94,0.9387,1.0653,
2010-01-29,0.94,0.9390,1.0650,
2010-01-28,0.94,0.9396,1.0643,
2010-01-27,0.94,0.9384,1.0657,
2010-01-26,0.94,0.9429,1.0606,
2010-01-25,0.95,0.9450,1.0582,
2010-01-22,0.95,0.9466,1.0564,
2010-01-21,0.95,0.9536,1.0487,
2010-01-20,0.95,0.9544,1.0478,
2010-01-19,0.97,0.9682,1.0328,
2010-01-18,0.98,0.9755,1.0251,
2010-01-15,0.97,0.9721,1.0287,
2010-01-14,0.97,0.9746,1.0261,
2010-01-13,0.97,0.9688,1.0322,
2010-01-12,0.96,0.9639,1.0375,
2010-01-11,0.97,0.9693,1.0317,
2010-01-08,0.97,0.9667,1.0344,
2010-01-07,0.97,0.9661,1.0351,
2010-01-06,0.97,0.9677,1.0334,
2010-01-05,0.96,0.9641,1.0372,
2010-01-04,0.96,0.9636,1.0378,
2010-01-01,Bank holiday,Bank holiday,Bank holiday,
2009-12-31,0.96,0.9555,1.0466,
2009-12-30,0.95,0.9501,1.0525,
2009-12-29,0.96,0.9611,1.0405,
2009-12-28,Bank holiday,Bank holiday,Bank holiday,
2009-12-25,Bank holiday,Bank holiday,Bank holiday,
2009-12-24,0.95,0.9535,1.0488,
2009-12-23,0.95,0.9546,1.0476,
2009-12-22,0.95,0.9473,1.0556,
2009-12-21,0.94,0.9439,1.0594,
2009-12-18,0.94,0.9365,1.0678,
2009-12-17,0.93,0.9334,1.0713,
2009-12-16,0.95,0.9452,1.0580,
2009-12-15,0.94,0.9416,1.0620,
2009-12-14,0.94,0.9440,1.0593,
2009-12-11,0.94,0.9447,1.0585,
2009-12-10,0.95,0.9507,1.0519,
2009-12-09,0.95,0.9477,1.0552,
2009-12-08,0.94,0.9430,1.0604,
2009-12-07,0.95,0.9514,1.0511,
2009-12-04,0.95,0.9508,1.0517,
2009-12-03,0.95,0.9486,1.0542,
2009-12-02,0.96,0.9553,1.0468,
2009-12-01,0.96,0.9586,1.0432,
2009-11-30,0.95,0.9457,1.0574,
2009-11-27,0.94,0.9413,1.0624,
2009-11-26,0.94,0.9438,1.0595,
2009-11-25,0.95,0.9523,1.0501,
2009-11-24,0.94,0.9427,1.0608,
2009-11-23,0.95,0.9478,1.0551,
2009-11-20,0.93,0.9349,1.0696,
2009-11-19,0.94,0.9400,1.0638,
2009-11-18,0.95,0.9524,1.0500,
2009-11-17,0.94,0.9441,1.0592,
2009-11-16,0.96,0.9560,1.0460,
2009-11-13,0.95,0.9517,1.0508,
2009-11-12,0.95,0.9507,1.0519,
2009-11-11,Bank holiday,Bank holiday,Bank holiday,
2009-11-10,0.95,0.9508,1.0518,
2009-11-09,0.95,0.9464,1.0566,
2009-11-06,0.93,0.9328,1.0720,
2009-11-05,0.94,0.9389,1.0651,
2009-11-04,0.94,0.9392,1.0647,
2009-11-03,0.93,0.9342,1.0704,
2009-11-02,0.93,0.9308,1.0743,
2009-10-30,0.93,0.9282,1.0774,
2009-10-29,0.93,0.9341,1.0705,
2009-10-28,0.93,0.9297,1.0756,
2009-10-27,0.94,0.9391,1.0648,
2009-10-26,0.94,0.9420,1.0616,
2009-10-23,0.95,0.9517,1.0508,
2009-10-22,0.95,0.9537,1.0485,
2009-10-21,0.96,0.9604,1.0412,
2009-10-20,0.95,0.9524,1.0500,
2009-10-19,0.97,0.9701,1.0308,
2009-10-16,0.96,0.9626,1.0389,
2009-10-15,0.97,0.9706,1.0303,
2009-10-14,0.97,0.9716,1.0292,
2009-10-13,0.97,0.9711,1.0298,
2009-10-12,Bank holiday,Bank holiday,Bank holiday,
2009-10-09,0.96,0.9593,1.0424,
2009-10-08,0.95,0.9492,1.0535,
2009-10-07,0.94,0.9417,1.0619,
2009-10-06,0.95,0.9460,1.0571,
2009-10-05,0.93,0.9296,1.0757,
2009-10-02,0.92,0.9221,1.0845,
2009-10-01,0.93,0.9282,1.0774,
2009-09-30,0.93,0.9327,1.0722,
2009-09-29,0.92,0.9199,1.0871,
2009-09-28,0.92,0.9207,1.0861,
2009-09-25,0.92,0.9162,1.0915,
2009-09-24,0.92,0.9200,1.0869,
2009-09-23,0.93,0.9325,1.0724,
2009-09-22,0.94,0.9361,1.0683,
2009-09-21,0.93,0.9279,1.0777,
2009-09-18,0.93,0.9325,1.0724,
2009-09-17,0.94,0.9422,1.0613,
2009-09-16,0.94,0.9378,1.0663,
2009-09-15,0.93,0.9291,1.0763,
2009-09-14,0.92,0.9211,1.0857,
2009-09-11,0.93,0.9306,1.0746,
2009-09-10,0.92,0.9249,1.0812,
2009-09-09,0.93,0.9270,1.0787,
2009-09-08,0.93,0.9290,1.0764,
2009-09-07,Bank holiday,Bank holiday,Bank holiday,
2009-09-04,0.92,0.9184,1.0889,
2009-09-03,0.91,0.9063,1.1034,
2009-09-02,0.90,0.9038,1.1065,
2009-09-01,0.91,0.9065,1.1031,
2009-08-31,0.91,0.9118,1.0967,
2009-08-28,0.92,0.9192,1.0879,
2009-08-27,0.91,0.9124,1.0960,
2009-08-26,0.91,0.9098,1.0991,
2009-08-25,0.93,0.9275,1.0782,
2009-08-24,0.93,0.9309,1.0742,
2009-08-21,0.93,0.9260,1.0799,
2009-08-20,0.92,0.9173,1.0902,
2009-08-19,0.91,0.9117,1.0969,
2009-08-18,0.91,0.9061,1.1036,
2009-08-17,0.90,0.9026,1.1079,
2009-08-14,0.91,0.9115,1.0971,
2009-08-13,0.92,0.9215,1.0852,
2009-08-12,0.92,0.9195,1.0875,
2009-08-11,0.91,0.9101,1.0988,
2009-08-10,0.92,0.9218,1.0848,
2009-08-07,0.92,0.9228,1.0837,
2009-08-06,0.93,0.9295,1.0759,
2009-08-05,0.93,0.9328,1.0720,
2009-08-04,0.94,0.9358,1.0686,
2009-08-03,Bank holiday,Bank holiday,Bank holiday,
2009-07-31,0.93,0.9268,1.0790,
2009-07-30,0.92,0.9246,1.0815,
2009-07-29,0.92,0.9184,1.0889,
2009-07-28,0.92,0.9191,1.0880,
2009-07-27,0.92,0.9229,1.0835,
2009-07-24,0.92,0.9223,1.0842,
2009-07-23,0.92,0.9202,1.0867,
2009-07-22,0.91,0.9107,1.0981,
2009-07-21,0.90,0.9027,1.1078,
2009-07-20,0.90,0.9036,1.1067,
2009-07-17,0.90,0.8954,1.1168,
2009-07-16,0.90,0.8952,1.1171,
2009-07-15,0.89,0.8933,1.1194,
2009-07-14,0.88,0.8797,1.1368,
2009-07-13,0.87,0.8666,1.1539,
2009-07-10,0.86,0.8584,1.1650,
2009-07-09,0.86,0.8604,1.1622,
2009-07-08,0.86,0.8580,1.1655,
2009-07-07,0.86,0.8598,1.1631,
2009-07-06,0.86,0.8612,1.1612,
2009-07-03,0.86,0.8605,1.1621,
2009-07-02,0.86,0.8618,1.1604,
2009-07-01,Bank holiday,Bank holiday,Bank holiday,
2009-06-30,0.86,0.8602,1.1625,
2009-06-29,0.86,0.8633,1.1583,
2009-06-26,0.87,0.8672,1.1531,
2009-06-25,0.86,0.8636,1.1580,
2009-06-24,0.87,0.8725,1.1461,
2009-06-23,0.87,0.8651,1.1560,
2009-06-22,0.87,0.8660,1.1547,
2009-06-19,0.89,0.8860,1.1287,
2009-06-18,0.89,0.8871,1.1273,
2009-06-17,0.88,0.8794,1.1371,
2009-06-16,0.88,0.8828,1.1327,
2009-06-15,0.88,0.8818,1.1341,
2009-06-12,0.89,0.8947,1.1177,
2009-06-11,0.91,0.9106,1.0982,
2009-06-10,0.90,0.9008,1.1101,
2009-06-09,0.91,0.9057,1.1041,
2009-06-08,0.89,0.8905,1.1230,
2009-06-05,0.90,0.8972,1.1146,
2009-06-04,0.91,0.9092,1.0999,
2009-06-03,0.91,0.9111,1.0976,
2009-06-02,0.92,0.9236,1.0827,
2009-06-01,0.92,0.9198,1.0872,
2009-05-29,0.91,0.9123,1.0961,
2009-05-28,0.90,0.8990,1.1124,
2009-05-27,0.90,0.8993,1.1120,
2009-05-26,0.89,0.8929,1.1199,
2009-05-25,0.89,0.8883,1.1258,
2009-05-22,0.89,0.8902,1.1233,
2009-05-21,0.88,0.8761,1.1414,
2009-05-20,0.87,0.8746,1.1434,
2009-05-19,0.86,0.8644,1.1569,
2009-05-18,Bank holiday,Bank holiday,Bank holiday,
2009-05-15,0.85,0.8506,1.1756,
2009-05-14,0.85,0.8527,1.1727,
2009-05-13,0.86,0.8559,1.1683,
2009-05-12,0.86,0.8565,1.1676,
2009-05-11,0.86,0.8627,1.1591,
2009-05-08,0.86,0.8635,1.1581,
2009-05-07,0.85,0.8537,1.1714,
2009-05-06,0.85,0.8524,1.1731,
2009-05-05,0.85,0.8503,1.1760,
2009-05-04,0.85,0.8488,1.1781,
2009-05-01,0.84,0.8423,1.1872,
2009-04-30,0.84,0.8375,1.1940,
2009-04-29,0.83,0.8328,1.2008,
2009-04-28,0.82,0.8171,1.2238,
2009-04-27,0.83,0.8260,1.2107,
2009-04-24,0.83,0.8269,1.2093,
2009-04-23,0.81,0.8137,1.2290,
2009-04-22,0.81,0.8091,1.2360,
2009-04-21,0.81,0.8092,1.2358,
2009-04-20,0.81,0.8102,1.2343,
2009-04-17,0.82,0.8233,1.2146,
2009-04-16,0.83,0.8290,1.2062,
2009-04-15,0.83,0.8307,1.2038,
2009-04-14,0.83,0.8270,1.2092,
2009-04-13,0.82,0.8189,1.2212,
2009-04-10,Bank holiday,Bank holiday,Bank holiday,
2009-04-09,0.81,0.8147,1.2274,
2009-04-08,0.81,0.8095,1.2354,
2009-04-07,0.81,0.8103,1.2341,
2009-04-06,0.80,0.8046,1.2429,
2009-04-03,0.81,0.8106,1.2337,
2009-04-02,0.81,0.8075,1.2384,
2009-04-01,0.79,0.7910,1.2643,
2009-03-31,0.79,0.7935,1.2602,
2009-03-30,0.79,0.7943,1.2590,
2009-03-27,0.81,0.8070,1.2392,
2009-03-26,0.81,0.8110,1.2330,
2009-03-25,0.82,0.8167,1.2245,
2009-03-24,0.82,0.8155,1.2262,
2009-03-23,0.81,0.8115,1.2323,
2009-03-20,0.81,0.8083,1.2371,
2009-03-19,0.81,0.8114,1.2325,
2009-03-18,0.79,0.7862,1.2720,
2009-03-17,0.79,0.7863,1.2718,
2009-03-16,0.79,0.7859,1.2724,
2009-03-13,0.78,0.7844,1.2749,
2009-03-12,0.77,0.7749,1.2905,
2009-03-11,0.78,0.7808,1.2807,
2009-03-10,0.78,0.7814,1.2797,
2009-03-09,0.77,0.7692,1.3000,
2009-03-06,0.78,0.7774,1.2863,
2009-03-05,0.78,0.7766,1.2877,
2009-03-04,0.78,0.7834,1.2765,
2009-03-03,0.77,0.7729,1.2938,
2009-03-02,0.78,0.7758,1.2890,
2009-02-27,0.79,0.7870,1.2707,
2009-02-26,0.80,0.8028,1.2456,
2009-02-25,0.80,0.7964,1.2556,
2009-02-24,0.80,0.8019,1.2470,
2009-02-23,0.80,0.7992,1.2512,
2009-02-20,0.80,0.7974,1.2541,
2009-02-19,0.79,0.7940,1.2595,
2009-02-18,0.79,0.7939,1.2596,
2009-02-17,0.79,0.7936,1.2601,
2009-02-16,0.80,0.8041,1.2437,
2009-02-13,0.80,0.8043,1.2433,
2009-02-12,0.80,0.8015,1.2477,
2009-02-11,0.80,0.8049,1.2424,
2009-02-10,0.81,0.8109,1.2332,
2009-02-09,0.82,0.8202,1.2192,
2009-02-06,0.81,0.8072,1.2389,
2009-02-05,0.81,0.8128,1.2303,
2009-02-04,0.82,0.8153,1.2266,
2009-02-03,0.81,0.8106,1.2337,
2009-02-02,0.81,0.8062,1.2404,
2009-01-30,0.81,0.8088,1.2364,
2009-01-29,0.82,0.8205,1.2188,
2009-01-28,0.83,0.8266,1.2098,
2009-01-27,0.81,0.8131,1.2299,
2009-01-26,0.82,0.8193,1.2205,
2009-01-23,0.80,0.8013,1.2480,
2009-01-22,0.79,0.7918,1.2630,
2009-01-21,0.78,0.7849,1.2741,
2009-01-20,0.79,0.7933,1.2605,
2009-01-19,0.80,0.7987,1.2521,
2009-01-16,0.80,0.7973,1.2542,
2009-01-15,0.79,0.7921,1.2625,
2009-01-14,0.81,0.8076,1.2383,
2009-01-13,0.82,0.8159,1.2257,
2009-01-12,0.83,0.8280,1.2077,
2009-01-09,0.84,0.8387,1.1923,
2009-01-08,0.84,0.8412,1.1888,
2009-01-07,0.84,0.8437,1.1853,
2009-01-06,0.85,0.8458,1.1823,
2009-01-05,0.84,0.8393,1.1914,
2009-01-02,0.83,0.8260,1.2107,
2009-01-01,Bank holiday,Bank holiday,Bank holiday,
2008-12-31,0.82,0.8166,1.2246,
2008-12-30,0.82,0.8185,1.2217,
2008-12-29,0.82,0.8219,1.2167,
2008-12-26,Bank holiday,Bank holiday,Bank holiday,
2008-12-25,Bank holiday,Bank holiday,Bank holiday,
2008-12-24,0.82,0.8247,1.2125,
2008-12-23,0.82,0.8220,1.2166,
2008-12-22,0.82,0.8205,1.2188,
2008-12-19,0.81,0.8147,1.2275,
2008-12-18,0.84,0.8358,1.1965,
2008-12-17,0.83,0.8293,1.2058,
2008-12-16,0.82,0.8171,1.2239,
2008-12-15,0.81,0.8096,1.2352,
2008-12-12,0.80,0.8031,1.2452,
2008-12-11,0.82,0.8208,1.2183,
2008-12-10,0.80,0.7964,1.2557,
2008-12-09,0.79,0.7935,1.2603,
2008-12-08,0.80,0.7954,1.2572,
2008-12-05,0.77,0.7711,1.2969,
2008-12-04,0.80,0.7974,1.2540,
2008-12-03,0.80,0.7954,1.2573,
2008-12-02,0.81,0.8051,1.2421,
2008-12-01,0.81,0.8080,1.2377,
2008-11-28,0.81,0.8083,1.2372,
2008-11-27,0.81,0.8111,1.2329,
2008-11-26,0.81,0.8102,1.2342,
2008-11-25,0.82,0.8191,1.2209,
2008-11-24,0.82,0.8163,1.2250,
2008-11-21,0.78,0.7780,1.2854,
2008-11-20,0.78,0.7779,1.2855,
2008-11-19,0.81,0.8084,1.2370,
2008-11-18,0.82,0.8171,1.2239,
2008-11-17,0.82,0.8189,1.2211,
2008-11-14,0.82,0.8165,1.2247,
2008-11-13,0.81,0.8120,1.2315,
2008-11-12,0.81,0.8133,1.2295,
2008-11-11,Bank holiday,Bank holiday,Bank holiday,
2008-11-10,0.84,0.8374,1.1942,
2008-11-07,0.84,0.8450,1.1835,
2008-11-06,0.85,0.8462,1.1818,
2008-11-05,0.86,0.8624,1.1596,
2008-11-04,0.87,0.8696,1.1499,
2008-11-03,0.84,0.8421,1.1875,
2008-10-31,0.82,0.8220,1.2165,
2008-10-30,0.82,0.8183,1.2221,
2008-10-29,0.81,0.8125,1.2308,
2008-10-28,0.77,0.7726,1.2943,
2008-10-27,0.77,0.7734,1.2930,
2008-10-24,0.79,0.7854,1.2732,
2008-10-23,0.80,0.7954,1.2573,
2008-10-22,0.80,0.8001,1.2499,
2008-10-21,0.82,0.8195,1.2202,
2008-10-20,0.84,0.8350,1.1976,
2008-10-17,0.85,0.8458,1.1823,
2008-10-16,0.84,0.8367,1.1952,
2008-10-15,0.85,0.8473,1.1802,
2008-10-14,0.86,0.8619,1.1602,
2008-10-13,Bank holiday,Bank holiday,Bank holiday,
2008-10-10,0.84,0.8398,1.1907,
2008-10-09,0.87,0.8706,1.1486,
2008-10-08,0.89,0.8890,1.1249,
2008-10-07,0.90,0.9043,1.1058,
2008-10-06,0.91,0.9069,1.1027,
2008-10-03,0.92,0.9249,1.0812,
2008-10-02,0.93,0.9286,1.0769,
2008-10-01,0.94,0.9426,1.0609,
2008-09-30,0.94,0.9435,1.0599,
2008-09-29,0.96,0.9621,1.0394,
2008-09-26,0.97,0.9663,1.0349,
2008-09-25,0.97,0.9673,1.0338,
2008-09-24,0.97,0.9661,1.0351,
2008-09-23,0.97,0.9657,1.0355,
2008-09-22,0.96,0.9632,1.0382,
2008-09-19,0.96,0.9551,1.0470,
2008-09-18,0.93,0.9345,1.0701,
2008-09-17,0.93,0.9274,1.0783,
2008-09-16,0.93,0.9316,1.0734,
2008-09-15,0.94,0.9366,1.0677,
2008-09-12,0.94,0.9426,1.0609,
2008-09-11,0.93,0.9263,1.0796,
2008-09-10,0.93,0.9313,1.0738,
2008-09-09,0.94,0.9364,1.0679,
2008-09-08,0.93,0.9349,1.0696,
2008-09-05,0.94,0.9398,1.0641,
2008-09-04,0.94,0.9397,1.0642,
2008-09-03,0.94,0.9428,1.0607,
2008-09-02,0.93,0.9345,1.0701,
2008-09-01,Bank holiday,Bank holiday,Bank holiday,
2008-08-29,0.94,0.9411,1.0626,
2008-08-28,0.95,0.9500,1.0526,
2008-08-27,0.95,0.9537,1.0486,
2008-08-26,0.95,0.9539,1.0483,
2008-08-25,0.96,0.9557,1.0464,
2008-08-22,0.96,0.9562,1.0458,
2008-08-21,0.96,0.9564,1.0456,
2008-08-20,0.94,0.9409,1.0628,
2008-08-19,0.94,0.9428,1.0607,
2008-08-18,0.94,0.9430,1.0605,
2008-08-15,0.94,0.9426,1.0609,
2008-08-14,0.94,0.9416,1.0620,
2008-08-13,0.94,0.9384,1.0657,
2008-08-12,0.94,0.9398,1.0640,
2008-08-11,0.94,0.9367,1.0676,
2008-08-08,0.94,0.9365,1.0678,
2008-08-07,0.95,0.9514,1.0511,
2008-08-06,0.96,0.9551,1.0470,
2008-08-05,0.96,0.9591,1.0426,
2008-08-04,Bank holiday,Bank holiday,Bank holiday,
2008-08-01,0.98,0.9753,1.0253,
2008-07-31,0.97,0.9749,1.0257,
2008-07-30,0.98,0.9764,1.0242,
2008-07-29,0.97,0.9746,1.0261,
2008-07-28,0.98,0.9783,1.0222,
2008-07-25,0.98,0.9839,1.0164,
2008-07-24,0.99,0.9887,1.0114,
2008-07-23,0.99,0.9913,1.0088,
2008-07-22,0.99,0.9916,1.0085,
2008-07-21,1.00,0.9979,1.0021,
2008-07-18,0.99,0.9947,1.0053,
2008-07-17,1.00,0.9984,1.0016,
2008-07-16,1.00,0.9983,1.0017,
2008-07-15,1.00,0.9980,1.0020,
2008-07-14,0.99,0.9939,1.0061,
2008-07-11,0.99,0.9909,1.0092,
2008-07-10,0.99,0.9899,1.0102,
2008-07-09,0.99,0.9893,1.0108,
2008-07-08,0.98,0.9797,1.0207,
2008-07-07,0.98,0.9830,1.0173,
2008-07-04,0.98,0.9847,1.0155,
2008-07-03,0.98,0.9798,1.0206,
2008-07-02,0.99,0.9873,1.0129,
2008-07-01,Bank holiday,Bank holiday,Bank holiday,
2008-06-30,0.98,0.9817,1.0186,
2008-06-27,0.99,0.9878,1.0123,
2008-06-26,0.99,0.9880,1.0121,
2008-06-25,0.99,0.9867,1.0135,
2008-06-24,0.99,0.9866,1.0136,
2008-06-23,0.98,0.9840,1.0163,
2008-06-20,0.98,0.9831,1.0172,
2008-06-19,0.99,0.9870,1.0132,
2008-06-18,0.98,0.9817,1.0186,
2008-06-17,0.98,0.9805,1.0199,
2008-06-16,0.98,0.9793,1.0211,
2008-06-13,0.97,0.9726,1.0282,
2008-06-12,0.98,0.9773,1.0232,
2008-06-11,0.98,0.9829,1.0174,
2008-06-10,0.98,0.9763,1.0243,
2008-06-09,0.98,0.9780,1.0225,
2008-06-06,0.98,0.9816,1.0187,
2008-06-05,0.98,0.9806,1.0198,
2008-06-04,0.99,0.9857,1.0145,
2008-06-03,0.99,0.9949,1.0051,
2008-06-02,1.00,0.9987,1.0013,
2008-05-30,1.01,1.0058,0.9942,
2008-05-29,1.01,1.0130,0.9872,
2008-05-28,1.01,1.0086,0.9915,
2008-05-27,1.01,1.0068,0.9932,
2008-05-26,1.01,1.0105,0.9896,
2008-05-23,1.01,1.0118,0.9883,
2008-05-22,1.01,1.0141,0.9861,
2008-05-21,1.02,1.0158,0.9844,
2008-05-20,1.01,1.0070,0.9930,
2008-05-19,Bank holiday,Bank holiday,Bank holiday,
2008-05-16,1.00,1.0032,0.9968,
2008-05-15,1.00,1.0002,0.9998,
2008-05-14,1.00,0.9980,1.0020,
2008-05-13,1.00,0.9995,1.0005,
2008-05-12,1.00,0.9961,1.0039,
2008-05-09,0.99,0.9939,1.0061,
2008-05-08,0.99,0.9853,1.0149,
2008-05-07,1.00,0.9979,1.0021,
2008-05-06,1.00,0.9965,1.0035,
2008-05-05,0.99,0.9877,1.0125,
2008-05-02,0.98,0.9820,1.0183,
2008-05-01,0.98,0.9815,1.0189,
2008-04-30,0.99,0.9906,1.0095,
2008-04-29,0.99,0.9871,1.0131,
2008-04-28,0.98,0.9843,1.0160,
2008-04-25,0.98,0.9839,1.0164,
2008-04-24,0.99,0.9870,1.0132,
2008-04-23,0.98,0.9809,1.0195,
2008-04-22,1.00,0.9967,1.0033,
2008-04-21,0.99,0.9934,1.0066,
2008-04-18,0.99,0.9917,1.0084,
2008-04-17,0.99,0.9888,1.0113,
2008-04-16,1.00,0.9975,1.0025,
2008-04-15,0.98,0.9822,1.0181,
2008-04-14,0.98,0.9796,1.0208,
2008-04-11,0.98,0.9790,1.0215,
2008-04-10,0.98,0.9824,1.0179,
2008-04-09,0.98,0.9810,1.0194,
2008-04-08,0.99,0.9852,1.0150,
2008-04-07,0.99,0.9891,1.0110,
2008-04-04,0.99,0.9910,1.0091,
2008-04-03,0.99,0.9919,1.0082,
2008-04-02,0.98,0.9826,1.0177,
2008-04-01,0.97,0.9737,1.0270,
2008-03-31,0.97,0.9729,1.0279,
2008-03-28,0.98,0.9822,1.0181,
2008-03-27,0.99,0.9855,1.0147,
2008-03-26,0.98,0.9823,1.0180,
2008-03-25,0.98,0.9826,1.0177,
2008-03-24,0.98,0.9801,1.0203,
2008-03-21,Bank holiday,Bank holiday,Bank holiday,
2008-03-20,0.97,0.9738,1.0269,
2008-03-19,1.00,0.9972,1.0028,
2008-03-18,1.01,1.0062,0.9938,
2008-03-17,1.00,1.0022,0.9978,
2008-03-14,1.01,1.0132,0.9870,
2008-03-13,1.02,1.0161,0.9842,
2008-03-12,1.01,1.0104,0.9897,
2008-03-11,1.00,1.0047,0.9953,
2008-03-10,1.00,1.0024,0.9976,
2008-03-07,1.01,1.0086,0.9915,
2008-03-06,1.02,1.0154,0.9848,
2008-03-05,1.01,1.0103,0.9898,
2008-03-04,1.00,1.0044,0.9956,
2008-03-03,1.01,1.0132,0.9870,
2008-02-29,1.02,1.0206,0.9798,
2008-02-28,1.03,1.0289,0.9719,
2008-02-27,1.02,1.0227,0.9778,
2008-02-26,1.01,1.0143,0.9859,
2008-02-25,1.00,1.0020,0.9980,
2008-02-22,0.98,0.9846,1.0156,
2008-02-21,0.99,0.9914,1.0087,
2008-02-20,0.98,0.9814,1.0190,
2008-02-19,0.98,0.9843,1.0160,
2008-02-18,0.99,0.9930,1.0071,
2008-02-15,1.00,0.9984,1.0016,
2008-02-14,1.00,1.0030,0.9970,
2008-02-13,1.00,1.0005,0.9995,
2008-02-12,1.00,1.0037,0.9963,
2008-02-11,1.00,0.9983,1.0017,
2008-02-08,1.00,1.0009,0.9991,
2008-02-07,0.99,0.9886,1.0115,
2008-02-06,1.00,0.9974,1.0026,
2008-02-05,1.00,0.9957,1.0043,
2008-02-04,1.01,1.0069,0.9931,
2008-02-01,1.01,1.0057,0.9943,
2008-01-31,1.00,0.9978,1.0022,
2008-01-30,1.01,1.0063,0.9937,
2008-01-29,1.00,1.0023,0.9977,
2008-01-28,1.00,0.9956,1.0044,
2008-01-25,1.00,0.9956,1.0044,
2008-01-24,0.99,0.9929,1.0072,
2008-01-23,0.97,0.9722,1.0286,
2008-01-22,0.98,0.9753,1.0253,
2008-01-21,0.97,0.9686,1.0324,
2008-01-18,0.97,0.9713,1.0295,
2008-01-17,0.97,0.9715,1.0293,
2008-01-16,0.98,0.9767,1.0239,
2008-01-15,0.98,0.9834,1.0169,
2008-01-14,0.98,0.9793,1.0211,
2008-01-11,0.98,0.9805,1.0199,
2008-01-10,0.99,0.9863,1.0139,
2008-01-09,0.99,0.9916,1.0085,
2008-01-08,1.00,1.0014,0.9986,
2008-01-07,0.99,0.9949,1.0051,
2008-01-04,1.00,1.0009,0.9991,
2008-01-03,1.01,1.0096,0.9905,
2008-01-02,1.01,1.0074,0.9927,
2008-01-01,Bank holiday,Bank holiday,Bank holiday,
2007-12-31,1.01,1.0120,0.9881,
2007-12-28,1.02,1.0220,0.9785,
2007-12-27,1.02,1.0193,0.9811,
2007-12-26,Bank holiday,Bank holiday,Bank holiday,
2007-12-25,Bank holiday,Bank holiday,Bank holiday,
2007-12-24,1.01,1.0131,0.9871,
2007-12-21,1.01,1.0056,0.9944,
2007-12-20,1.00,1.0017,0.9983,
2007-12-19,0.99,0.9944,1.0056,
2007-12-18,0.99,0.9896,1.0105,
2007-12-17,0.99,0.9928,1.0073,
2007-12-14,0.99,0.9865,1.0137,
2007-12-13,0.98,0.9788,1.0217,
2007-12-12,0.99,0.9894,1.0107,
2007-12-11,0.99,0.9893,1.0108,
2007-12-10,0.99,0.9898,1.0103,
2007-12-07,0.99,0.9947,1.0053,
2007-12-06,0.99,0.9878,1.0124,
2007-12-05,0.99,0.9871,1.0131,
2007-12-04,0.99,0.9897,1.0104,
2007-12-03,1.00,0.9995,1.0005,
2007-11-30,1.00,0.9992,1.0008,
2007-11-29,1.01,1.0072,0.9929,
2007-11-28,1.01,1.0093,0.9908,
2007-11-27,1.00,1.0035,0.9965,
2007-11-26,1.01,1.0125,0.9877,
2007-11-23,1.01,1.0117,0.9884,
2007-11-22,1.02,1.0156,0.9846,
2007-11-21,1.01,1.0106,0.9895,
2007-11-20,1.02,1.0152,0.9850,
2007-11-19,1.02,1.0166,0.9837,
2007-11-16,1.03,1.0279,0.9729,
2007-11-15,1.02,1.0196,0.9808,
2007-11-14,1.04,1.0409,0.9607,
2007-11-13,1.04,1.0370,0.9643,
2007-11-12,Bank holiday,Bank holiday,Bank holiday,
2007-11-09,1.06,1.0648,0.9391,
2007-11-08,1.07,1.0746,0.9306,
2007-11-07,1.09,1.0905,0.9170,
2007-11-06,1.08,1.0817,0.9245,
2007-11-05,1.07,1.0708,0.9339,
2007-11-02,1.07,1.0685,0.9359,
2007-11-01,1.05,1.0527,0.9499,
2007-10-31,1.05,1.0527,0.9499,
2007-10-30,1.05,1.0488,0.9535,
2007-10-29,1.05,1.0473,0.9548,
2007-10-26,1.04,1.0396,0.9619,
2007-10-25,1.03,1.0337,0.9674,
2007-10-24,1.03,1.0297,0.9712,
2007-10-23,1.03,1.0337,0.9674,
2007-10-22,1.02,1.0193,0.9811,
2007-10-19,1.04,1.0376,0.9638,
2007-10-18,1.03,1.0273,0.9734,
2007-10-17,1.03,1.0270,0.9737,
2007-10-16,1.02,1.0226,0.9779,
2007-10-15,1.02,1.0248,0.9758,
2007-10-12,1.03,1.0268,0.9739,
2007-10-11,1.03,1.0264,0.9743,
2007-10-10,1.02,1.0190,0.9814,
2007-10-09,1.02,1.0156,0.9846,
2007-10-08,Bank holiday,Bank holiday,Bank holiday,
2007-10-05,1.02,1.0192,0.9812,
2007-10-04,1.00,1.0017,0.9983,
2007-10-03,1.00,1.0039,0.9961,
2007-10-02,1.00,0.9996,1.0004,
2007-10-01,1.01,1.0069,0.9931,
2007-09-28,1.00,1.0037,0.9963,
2007-09-27,1.00,0.9969,1.0031,
2007-09-26,1.00,0.9952,1.0048,
2007-09-25,1.00,0.9990,1.0010,
2007-09-24,1.00,0.9988,1.0012,
2007-09-21,1.00,0.9991,1.0009,
2007-09-20,1.00,0.9984,1.0016,
2007-09-19,0.99,0.9855,1.0147,
2007-09-18,0.98,0.9769,1.0236,
2007-09-17,0.97,0.9701,1.0308,
2007-09-14,0.97,0.9715,1.0293,
2007-09-13,0.97,0.9684,1.0326,
2007-09-12,0.96,0.9642,1.0371,
2007-09-11,0.96,0.9587,1.0431,
2007-09-10,0.95,0.9494,1.0533,
2007-09-07,0.95,0.9482,1.0546,
2007-09-06,0.95,0.9494,1.0533,
2007-09-05,0.95,0.9517,1.0508,
2007-09-04,0.95,0.9527,1.0496,
2007-09-03,Bank holiday,Bank holiday,Bank holiday,
2007-08-31,0.95,0.9466,1.0564,
2007-08-30,0.95,0.9463,1.0567,
2007-08-29,0.94,0.9441,1.0592,
2007-08-28,0.94,0.9421,1.0615,
2007-08-27,0.95,0.9509,1.0516,
2007-08-24,0.95,0.9501,1.0525,
2007-08-23,0.95,0.9463,1.0568,
2007-08-22,0.94,0.9415,1.0621,
2007-08-21,0.94,0.9433,1.0601,
2007-08-20,0.95,0.9450,1.0582,
2007-08-17,0.94,0.9403,1.0635,
2007-08-16,0.93,0.9298,1.0755,
2007-08-15,0.93,0.9306,1.0746,
2007-08-14,0.94,0.9402,1.0636,
2007-08-13,0.95,0.9516,1.0509,
2007-08-10,0.95,0.9491,1.0536,
2007-08-09,0.95,0.9465,1.0565,
2007-08-08,0.95,0.9525,1.0499,
2007-08-07,0.95,0.9476,1.0553,
2007-08-06,Bank holiday,Bank holiday,Bank holiday,
2007-08-03,0.95,0.9498,1.0528,
2007-08-02,0.95,0.9499,1.0527,
2007-08-01,0.95,0.9462,1.0569,
2007-07-31,0.94,0.9384,1.0657,
2007-07-30,0.94,0.9358,1.0686,
2007-07-27,0.94,0.9443,1.0590,
2007-07-26,0.95,0.9519,1.0505,
2007-07-25,0.96,0.9592,1.0425,
2007-07-24,0.96,0.9641,1.0372,
2007-07-23,0.96,0.9568,1.0451,
2007-07-20,0.96,0.9579,1.0440,
2007-07-19,0.96,0.9591,1.0426,
2007-07-18,0.96,0.9581,1.0437,
2007-07-17,0.96,0.9582,1.0436,
2007-07-16,0.96,0.9588,1.0430,
2007-07-13,0.95,0.9545,1.0477,
2007-07-12,0.96,0.9552,1.0469,
2007-07-11,0.95,0.9471,1.0558,
2007-07-10,0.95,0.9505,1.0521,
2007-07-09,0.95,0.9543,1.0479,
2007-07-06,0.95,0.9542,1.0480,
2007-07-05,0.95,0.9464,1.0566,
2007-07-04,0.95,0.9461,1.0570,
2007-07-03,0.94,0.9438,1.0596,
2007-07-02,Bank holiday,Bank holiday,Bank holiday,
2007-06-29,0.94,0.9404,1.0634,
2007-06-28,0.94,0.9410,1.0627,
2007-06-27,0.93,0.9332,1.0716,
2007-06-26,0.94,0.9352,1.0693,
2007-06-25,0.93,0.9334,1.0713,
2007-06-22,0.94,0.9367,1.0676,
2007-06-21,0.93,0.9320,1.0730,
2007-06-20,0.94,0.9393,1.0646,
2007-06-19,0.94,0.9399,1.0639,
2007-06-18,0.93,0.9327,1.0721,
2007-06-15,0.94,0.9364,1.0679,
2007-06-14,0.94,0.9360,1.0684,
2007-06-13,0.94,0.9375,1.0667,
2007-06-12,0.94,0.9403,1.0635,
2007-06-11,0.94,0.9422,1.0614,
2007-06-08,0.94,0.9414,1.0622,
2007-06-07,0.94,0.9422,1.0613,
2007-06-06,0.94,0.9446,1.0586,
2007-06-05,0.94,0.9429,1.0606,
2007-06-04,0.95,0.9452,1.0580,
2007-06-01,0.94,0.9430,1.0604,
2007-05-31,0.93,0.9347,1.0699,
2007-05-30,0.93,0.9299,1.0754,
2007-05-29,0.93,0.9329,1.0719,
2007-05-28,0.93,0.9258,1.0801,
2007-05-25,0.93,0.9263,1.0796,
2007-05-24,0.92,0.9224,1.0841,
2007-05-23,0.92,0.9244,1.0818,
2007-05-22,0.92,0.9212,1.0855,
2007-05-21,Bank holiday,Bank holiday,Bank holiday,
2007-05-18,0.92,0.9188,1.0884,
2007-05-17,0.91,0.9110,1.0977,
2007-05-16,0.91,0.9067,1.1029,
2007-05-15,0.91,0.9110,1.0977,
2007-05-14,0.90,0.9034,1.1069,
2007-05-11,0.90,0.8981,1.1135,
2007-05-10,0.90,0.9031,1.1073,
2007-05-09,0.90,0.9038,1.1064,
2007-05-08,0.91,0.9051,1.1048,
2007-05-07,0.91,0.9071,1.1024,
2007-05-04,0.90,0.9034,1.1069,
2007-05-03,0.90,0.9033,1.1070,
2007-05-02,0.90,0.9020,1.1087,
2007-05-01,0.90,0.9018,1.1089,
2007-04-30,0.90,0.9036,1.1067,
2007-04-27,0.90,0.8966,1.1153,
2007-04-26,0.89,0.8927,1.1202,
2007-04-25,0.90,0.8973,1.1145,
2007-04-24,0.89,0.8906,1.1229,
2007-04-23,0.89,0.8907,1.1227,
2007-04-20,0.89,0.8907,1.1227,
2007-04-19,0.89,0.8861,1.1286,
2007-04-18,0.89,0.8859,1.1288,
2007-04-17,0.89,0.8854,1.1294,
2007-04-16,0.88,0.8842,1.1310,
2007-04-13,0.88,0.8787,1.1380,
2007-04-12,0.88,0.8800,1.1363,
2007-04-11,0.87,0.8734,1.1450,
2007-04-10,0.87,0.8711,1.1480,
2007-04-09,0.87,0.8679,1.1522,
2007-04-06,Bank holiday,Bank holiday,Bank holiday,
2007-04-05,0.87,0.8689,1.1509,
2007-04-04,0.86,0.8633,1.1584,
2007-04-03,0.86,0.8641,1.1573,
2007-04-02,0.86,0.8650,1.1561,
2007-03-30,0.87,0.8674,1.1529,
2007-03-29,0.86,0.8637,1.1578,
2007-03-28,0.86,0.8636,1.1580,
2007-03-27,0.86,0.8633,1.1584,
2007-03-26,0.86,0.8601,1.1627,
2007-03-23,0.86,0.8621,1.1600,
2007-03-22,0.86,0.8639,1.1576,
2007-03-21,0.86,0.8637,1.1578,
2007-03-20,0.86,0.8592,1.1639,
2007-03-19,0.85,0.8509,1.1752,
2007-03-16,0.85,0.8518,1.1740,
2007-03-15,0.85,0.8505,1.1758,
2007-03-14,0.85,0.8508,1.1754,
2007-03-13,0.86,0.8557,1.1687,
2007-03-12,0.86,0.8553,1.1692,
2007-03-09,0.85,0.8538,1.1712,
2007-03-08,0.85,0.8474,1.1801,
2007-03-07,0.85,0.8485,1.1786,
2007-03-06,0.85,0.8503,1.1760,
2007-03-05,0.85,0.8467,1.1811,
2007-03-02,0.85,0.8508,1.1753,
2007-03-01,0.85,0.8538,1.1713,
2007-02-28,0.85,0.8547,1.1700,
2007-02-27,0.86,0.8592,1.1639,
2007-02-26,0.86,0.8621,1.1600,
2007-02-23,0.86,0.8632,1.1585,
2007-02-22,0.86,0.8609,1.1616,
2007-02-21,0.86,0.8612,1.1612,
2007-02-20,0.85,0.8548,1.1698,
2007-02-19,0.86,0.8592,1.1639,
2007-02-16,0.86,0.8593,1.1637,
2007-02-15,0.86,0.8592,1.1639,
2007-02-14,0.86,0.8576,1.1660,
2007-02-13,0.86,0.8557,1.1686,
2007-02-12,0.85,0.8514,1.1746,
2007-02-09,0.85,0.8519,1.1739,
2007-02-08,0.84,0.8437,1.1853,
2007-02-07,0.84,0.8437,1.1852,
2007-02-06,0.85,0.8460,1.1820,
2007-02-05,0.85,0.8462,1.1818,
2007-02-02,0.84,0.8447,1.1838,
2007-02-01,0.85,0.8507,1.1755,
2007-01-31,0.85,0.8480,1.1792,
2007-01-30,0.85,0.8465,1.1814,
2007-01-29,0.85,0.8463,1.1816,
2007-01-26,0.85,0.8476,1.1798,
2007-01-25,0.85,0.8487,1.1783,
2007-01-24,0.85,0.8457,1.1824,
2007-01-23,0.85,0.8463,1.1816,
2007-01-22,0.85,0.8504,1.1759,
2007-01-19,0.85,0.8532,1.1720,
2007-01-18,0.85,0.8509,1.1752,
2007-01-17,0.85,0.8520,1.1737,
2007-01-16,0.85,0.8514,1.1746,
2007-01-15,0.86,0.8561,1.1681,
2007-01-12,0.85,0.8546,1.1702,
2007-01-11,0.85,0.8502,1.1762,
2007-01-10,0.85,0.8495,1.1772,
2007-01-09,0.85,0.8486,1.1784,
2007-01-08,0.85,0.8491,1.1777,
2007-01-05,0.85,0.8507,1.1755,
2007-01-04,0.85,0.8498,1.1767,
2007-01-03,0.85,0.8548,1.1699,
2007-01-02,0.86,0.8584,1.1649,
2007-01-01,Bank holiday,Bank holiday,Bank holiday,

